id,weather_time,temperature_2m,relativehumidity_2m,dewpoint_2m,apparent_temperature,pressure_msl,surface_pressure,cloudcover,cloudcover_low,cloudcover_mid,cloudcover_high,windspeed_10m,windspeed_80m,windspeed_120m,windspeed_180m,winddirection_10m,winddirection_80m,winddirection_120m,winddirection_180m,windgusts_10m,shortwave_radiation,direct_radiation,diffuse_radiation,direct_normal_irradiance,terrestrial_radiation,weathercode,precipitation,rain,showers,snowfall,snow_depth,freezinglevel_height,visibility,evapotranspiration,soil_temperature_0cm,soil_temperature_6cm,soil_temperature_18cm,soil_temperature_54cm,soil_moisture_0_1cm,soil_moisture_1_3cm,soil_moisture_3_9cm,soil_moisture_9_27cm,soil_moisture_27_81cm
us6000t04s,24/05/2026 00:00,11.9,15,-14,7.2,1018.6,759.7,0,0,0,0,8.1,,,,137,,,,27,0,0,0,0,0,0,0,0,0,0,0,,,,,,,,,,,,
us6000t04s,24/05/2026 01:00,10.3,15,-15.4,4.7,1019.2,759,0,0,0,0,13.6,,,,75,,,,18,0,0,0,0,0,0,0,0,0,0,0,,,,,,,,,,,,
us6000t04s,24/05/2026 02:00,8.2,18,-14.9,3.1,1019.1,757.3,0,0,0,0,10.8,,,,85,,,,17.3,0,0,0,0,0,0,0,0,0,0,0,,,,,,,,,,,,
us6000t04s,24/05/2026 03:00,7,20,-14.6,1,1019.7,756.8,0,0,0,0,16.8,,,,71,,,,21.2,0,0,0,0,0,0,0,0,0,0,0,,,,,,,,,,,,
us6000t04s,24/05/2026 04:00,6.2,20,-14.9,0,1019,755.6,0,0,0,0,18.2,,,,72,,,,24.8,0,0,0,0,0,0,0,0,0,0,0,,,,,,,,,,,,
us6000t04s,24/05/2026 05:00,5.7,18,-16.9,-0.6,1018.8,755.1,0,0,0,0,17.8,,,,74,,,,24.5,0,0,0,0,0,0,0,0,0,0,0,,,,,,,,,,,,
us6000t04s,24/05/2026 06:00,5.2,15,-19.1,-1,1019.1,754.9,0,0,0,0,16.9,,,,68,,,,23.8,0,0,0,0,0,0,0,0,0,0,0,,,,,,,,,,,,
us6000t04s,24/05/2026 07:00,5.2,14,-20.5,-1.3,1019,754.8,0,0,0,0,18.2,,,,70,,,,24.5,0,0,0,0,0,0,0,0,0,0,0,,,,,,,,,,,,
us6000t04s,24/05/2026 08:00,4.6,13,-21.2,-2,1018.7,754.1,0,0,0,0,18.8,,,,70,,,,24.8,0,0,0,0,0,0,0,0,0,0,0,,,,,,,,,,,,
us6000t04s,24/05/2026 09:00,4.1,13,-22.1,-2.5,1018.6,753.6,0,0,0,0,18.4,,,,71,,,,26.3,0,0,0,0,0,0,0,0,0,0,0,,,,,,,,,,,,
us6000t04s,24/05/2026 10:00,3.7,12,-22.7,-2.7,1019.2,753.8,0,0,0,0,17.1,,,,73,,,,24.8,0,0,0,0,0,0,0,0,0,0,0,,,,,,,,,,,,
us6000t04s,24/05/2026 11:00,3.3,12,-23.2,-3.2,1020,754.1,0,0,0,0,17.6,,,,66,,,,23.4,0,0,0,0,0,0,0,0,0,0,0,,,,,,,,,,,,
us6000t04s,24/05/2026 12:00,5.9,9,-24.4,-0.9,1019.7,755.9,0,0,0,0,19.3,,,,62,,,,25.2,69,50,19,423.7,112.1,0,0,0,0,0,0,,,,,,,,,,,,
us6000t04s,24/05/2026 13:00,11.8,6,-24.4,5.4,1019.6,760.4,0,0,0,0,16.7,,,,62,,,,28.4,289,241,48,829.3,387.7,0,0,0,0,0,0,,,,,,,,,,,,
us6000t04s,24/05/2026 14:00,17.2,7,-19.6,11.7,1018.1,763.3,0,0,0,0,11.8,,,,33,,,,25.2,504,445,59,947,626.9,0,0,0,0,0,0,,,,,,,,,,,,
us6000t04s,24/05/2026 15:00,19.8,5,-20.2,15.1,1016.3,763.9,0,0,0,0,11.1,,,,337,,,,23.4,673,609,64,1001.8,811,0,0,0,0,0,0,,,,,,,,,,,,
us6000t04s,24/05/2026 16:00,20.8,4,-24,17.2,1014.9,763.6,0,0,0,0,7.2,,,,271,,,,22.3,783,715,68,1028.4,927.5,0,0,0,0,0,0,,,,,,,,,,,,
us6000t04s,24/05/2026 17:00,21.9,4,-23.1,17.3,1013.8,763.5,0,0,0,0,14.8,,,,233,,,,27,820,751,69,1034.5,968.4,0,0,0,0,0,0,,,,,,,,,,,,
us6000t04s,24/05/2026 18:00,23,4,-20.9,17.1,1012.9,763.6,0,0,0,0,21.5,,,,252,,,,36.7,783,714,69,1022.9,931.1,0,0,0,0,0,0,,,,,,,,,,,,
us6000t04s,24/05/2026 19:00,22.9,4,-20.7,15.7,1012,762.9,0,0,0,0,26.7,,,,267,,,,42.5,673,608,65,991.5,818,0,0,0,0,0,0,,,,,,,,,,,,
us6000t04s,24/05/2026 20:00,21.9,5,-19.4,14.1,1012.1,762.2,0,0,0,0,27.7,,,,264,,,,43.9,506,448,58,938.4,636.9,0,0,0,0,0,0,,,,,,,,,,,,
us6000t04s,24/05/2026 21:00,20.2,7,-16.7,12.7,1012.3,761.2,0,0,0,0,26.6,,,,254,,,,43.2,294,247,47,823.7,400,0,0,0,0,0,0,,,,,,,,,,,,
us6000t04s,24/05/2026 22:00,17.2,11,-13.8,10.4,1013.7,760,0,0,0,0,22.2,,,,233,,,,40,75,55,20,447,124.5,0,0,0,0,0,0,,,,,,,,,,,,
us6000t04s,24/05/2026 23:00,15,13,-13.2,9,1015.2,759.5,0,0,0,0,17.5,,,,220,,,,31.7,0,0,0,0,0,0,0,0,0,0,0,,,,,,,,,,,,
us6000t04s,25/05/2026 00:00,12.9,13,-14.8,7.6,1016.4,758.9,0,0,0,0,12.1,,,,185,,,,24.5,0,0,0,0,0,0,0,0,0,0,0,,,,,,,,,,,,
us6000t04s,25/05/2026 01:00,11.6,14,-14.8,6.6,1017.2,758.5,24,0,0,24,9.8,,,,76,,,,15.1,0,0,0,0,0,1,0,0,0,0,0,,,,,,,,,,,,
us6000t04s,25/05/2026 02:00,9.8,15,-16,3.5,1017.4,757.2,0,0,0,0,18,,,,52,,,,24.5,0,0,0,0,0,0,0,0,0,0,0,,,,,,,,,,,,
us6000t04s,25/05/2026 03:00,7.4,16,-16.5,1.2,1016.8,754.9,0,0,0,0,17.4,,,,72,,,,24.1,0,0,0,0,0,0,0,0,0,0,0,,,,,,,,,,,,
us6000t04s,25/05/2026 04:00,7.3,16,-16.8,1,1016.5,754.7,0,0,0,0,18.1,,,,65,,,,24.8,0,0,0,0,0,0,0,0,0,0,0,,,,,,,,,,,,
us6000t04s,25/05/2026 05:00,6.7,18,-15.8,0.3,1016.9,754.4,0,0,0,0,18.5,,,,68,,,,25.6,0,0,0,0,0,0,0,0,0,0,0,,,,,,,,,,,,
us6000t04s,25/05/2026 06:00,5.6,19,-16.1,-0.8,1017.3,753.9,0,0,0,0,19.2,,,,66,,,,27,0,0,0,0,0,0,0,0,0,0,0,,,,,,,,,,,,
us6000t04s,25/05/2026 07:00,5.2,19,-16.5,-1.5,1016.9,753.3,0,0,0,0,21.3,,,,66,,,,29.2,0,0,0,0,0,0,0,0,0,0,0,,,,,,,,,,,,
us6000t04s,25/05/2026 08:00,5.2,19,-16.9,-1.6,1016.5,753,0,0,0,0,21.5,,,,68,,,,29.9,0,0,0,0,0,0,0,0,0,0,0,,,,,,,,,,,,
us6000t04s,25/05/2026 09:00,5.4,18,-17.1,-1.3,1016.2,752.9,0,0,0,0,20.7,,,,67,,,,29.5,0,0,0,0,0,0,0,0,0,0,0,,,,,,,,,,,,
us6000t04s,25/05/2026 10:00,5.1,18,-17.6,-1.6,1016.3,752.7,0,0,0,0,20,,,,66,,,,28.8,0,0,0,0,0,0,0,0,0,0,0,,,,,,,,,,,,
us6000t04s,25/05/2026 11:00,4.8,17,-18.1,-1.8,1017.1,753.1,0,0,0,0,19.4,,,,67,,,,27.7,0,0,0,0,0,0,0,0,0,0,0,,,,,,,,,,,,
us6000t04s,25/05/2026 12:00,7.3,16,-17.1,0.7,1018,755.8,0,0,0,0,20.1,,,,59,,,,26.6,65,47,18,401.6,110.1,0,0,0,0,0,0,,,,,,,,,,,,
us6000t04s,25/05/2026 13:00,13.1,11,-16.5,7.2,1018.2,760.3,0,0,0,0,15.1,,,,61,,,,28.4,279,233,46,807.1,385,0,0,0,0,0,0,,,,,,,,,,,,
us6000t04s,25/05/2026 14:00,17.8,10,-14.4,11.9,1017.1,763,0,0,0,0,15.9,,,,31,,,,26.6,490,432,58,923.5,623.8,0,0,0,0,0,0,,,,,,,,,,,,
us6000t04s,25/05/2026 15:00,19.7,9,-13.9,15.4,1015.6,763.3,0,0,0,0,9.5,,,,1,,,,27,657,593,64,979,807.8,0,0,0,0,0,0,,,,,,,,,,,,
us6000t04s,25/05/2026 16:00,20.4,9,-14.1,17.2,1014.5,763,0,0,0,0,6.7,,,,301,,,,20.9,764,697,67,1005.7,924.2,0,0,0,0,0,0,,,,,,,,,,,,
us6000t04s,25/05/2026 17:00,21,8,-14.2,17.9,1013.4,762.6,0,0,0,0,7.7,,,,269,,,,20.2,803,734,69,1014,965.3,0,0,0,0,0,0,,,,,,,,,,,,
us6000t04s,25/05/2026 18:00,21.5,8,-14.3,18.2,1012.6,762.3,0,0,0,0,7.1,,,,240,,,,20.2,768,700,68,1005.7,928.1,0,0,0,0,0,0,,,,,,,,,,,,
us6000t04s,25/05/2026 19:00,22,8,-14,17.2,1011.9,762.1,0,0,0,0,12.5,,,,231,,,,24.1,663,599,64,979.7,815.3,0,0,0,0,0,0,,,,,,,,,,,,
us6000t04s,25/05/2026 20:00,21.5,8,-14.2,15.8,1012,761.9,0,0,0,0,14.9,,,,240,,,,27.4,498,440,58,924.6,634.6,0,0,0,0,0,0,,,,,,,,,,,,
us6000t04s,25/05/2026 21:00,20.8,9,-14,15.1,1012,761.3,0,0,0,0,14.4,,,,254,,,,26.6,288,241,47,807.1,398.2,0,0,0,0,0,0,,,,,,,,,,,,
us6000t04s,25/05/2026 22:00,18.4,10,-13.4,12.6,1012.5,760,0,0,0,0,15.5,,,,250,,,,23.8,73,53,20,432.9,123.2,0,0,0,0,0,0,,,,,,,,,,,,
us6000t04s,25/05/2026 23:00,16.2,12,-13.4,10.9,1013.5,759.2,0,0,0,0,12.2,,,,243,,,,22.3,0,0,0,0,0,0,0,0,0,0,0,,,,,,,,,,,,
us6000t04s,26/05/2026 00:00,14.8,15,-11.9,10.8,1015,759.2,0,0,0,0,3.9,,,,233,,,,16.6,0,0,0,0,0,0,0,0,0,0,0,,,,,,,,,,,,
us6000t04s,26/05/2026 01:00,13.2,15,-12.6,8.5,1015.9,758.7,0,0,0,0,9.1,,,,104,,,,9,0,0,0,0,0,0,0,0,0,0,0,,,,,,,,,,,,
us6000t04s,26/05/2026 02:00,11.9,16,-13.2,6.2,1016.6,758.2,0,0,0,0,15.2,,,,66,,,,18.7,0,0,0,0,0,0,0,0,0,0,0,,,,,,,,,,,,
us6000t04s,26/05/2026 03:00,9.7,19,-12.8,4,1016.5,756.5,0,0,0,0,15.6,,,,57,,,,21.2,0,0,0,0,0,0,0,0,0,0,0,,,,,,,,,,,,
us6000t04s,26/05/2026 04:00,8,22,-12.6,2.2,1016.8,755.4,0,0,0,0,15.9,,,,65,,,,20.9,0,0,0,0,0,0,0,0,0,0,0,,,,,,,,,,,,
us6000t04s,26/05/2026 05:00,7.1,23,-12.9,1.2,1017.3,755,0,0,0,0,16.5,,,,70,,,,22.3,0,0,0,0,0,0,0,0,0,0,0,,,,,,,,,,,,
us6000t04s,26/05/2026 06:00,6.3,23,-13.5,0.5,1018,755,0,0,0,0,15.9,,,,74,,,,22.3,0,0,0,0,0,0,0,0,0,0,0,,,,,,,,,,,,
us6000t04s,26/05/2026 07:00,5.9,23,-13.8,-0.1,1017.8,754.5,0,0,0,0,17.5,,,,73,,,,24.1,0,0,0,0,0,0,0,0,0,0,0,,,,,,,,,,,,
us6000t04s,26/05/2026 08:00,5.7,23,-14,-0.2,1017.6,754.2,0,0,0,0,16.5,,,,70,,,,23.8,0,0,0,0,0,0,0,0,0,0,0,,,,,,,,,,,,
us6000t04s,26/05/2026 09:00,5.6,23,-13.8,-0.3,1017.9,754.3,0,0,0,0,15.9,,,,70,,,,22.3,0,0,0,0,0,0,0,0,0,0,0,,,,,,,,,,,,
us6000t04s,26/05/2026 10:00,5.4,26,-12.7,-0.4,1018.2,754.5,0,0,0,0,16.2,,,,66,,,,21.2,0,0,0,0,0,0,0,0,0,0,0,,,,,,,,,,,,
us6000t04s,26/05/2026 11:00,5.2,28,-11.8,-0.7,1018.6,754.6,0,0,0,0,17.4,,,,66,,,,23.4,0,0,0,0,0,0,0,0,0,0,0,,,,,,,,,,,,
us6000t04s,26/05/2026 12:00,7.3,26,-11,1.7,1019.7,757,0,0,0,0,15.9,,,,65,,,,24.1,62,45,17,387.7,108,0,0,0,0,0,0,,,,,,,,,,,,
us6000t04s,26/05/2026 13:00,12.8,18,-10.6,7.9,1019.8,761.3,0,0,0,0,11.1,,,,65,,,,23.4,272,226,46,788.1,382.3,0,0,0,0,0,0,,,,,,,,,,,,
us6000t04s,26/05/2026 14:00,16.8,16,-9.2,12.8,1018.9,763.6,0,0,0,0,5.8,,,,22,,,,18.4,479,422,57,906.1,620.8,0,0,0,0,0,0,,,,,,,,,,,,
us6000t04s,26/05/2026 15:00,18.5,14,-9.2,15.2,1017.8,764.1,0,0,0,0,5.3,,,,252,,,,14.8,644,580,64,960.9,804.6,0,0,0,0,0,0,,,,,,,,,,,,
us6000t04s,26/05/2026 16:00,20.1,13,-9.4,16.5,1016,763.9,0,0,0,0,11,,,,194,,,,23,750,682,68,987.1,921,0,0,0,0,0,0,,,,,,,,,,,,
us6000t04s,26/05/2026 17:00,21.5,12,-9.6,18,1014.5,763.8,0,0,0,0,11.1,,,,224,,,,23.8,786,717,69,993.4,962.1,0,0,0,0,0,0,,,,,,,,,,,,
us6000t04s,26/05/2026 18:00,22.6,11,-9.7,17.1,1013.2,763.6,0,0,0,0,22.3,,,,264,,,,36.7,751,684,67,985.5,925.2,0,0,0,0,0,0,,,,,,,,,,,,
us6000t04s,26/05/2026 19:00,22.6,11,-9.1,16.6,1012.4,763,0,0,0,0,22.7,,,,270,,,,39.2,648,585,63,959.5,812.7,0,0,0,0,0,0,,,,,,,,,,,,
us6000t04s,26/05/2026 20:00,22.4,12,-8.6,15.7,1012,762.5,0,0,0,0,24.1,,,,282,,,,38.5,487,429,58,904.3,632.4,0,0,0,0,0,0,,,,,,,,,,,,
us6000t04s,26/05/2026 21:00,21.1,13,-8.3,14.4,1012.1,761.7,0,0,0,0,24.9,,,,278,,,,39.6,281,234,47,786.8,396.4,0,0,0,0,0,0,,,,,,,,,,,,
us6000t04s,26/05/2026 22:00,19,15,-8.2,13.3,1013,760.9,0,0,0,0,18.2,,,,266,,,,38.2,70,51,19,418.5,122,0,0,0,0,0,0,,,,,,,,,,,,
us6000t04s,26/05/2026 23:00,17,18,-7.9,12,1014.2,760.2,1,0,0,1,12.6,,,,261,,,,26.6,0,0,0,0,0,0,0,0,0,0,0,,,,,,,,,,,,
us6000t04s,27/05/2026 00:00,14.9,21,-7.3,10.8,1016.1,760.1,0,0,0,0,7,,,,192,,,,17.3,0,0,0,0,0,0,0,0,0,0,0,,,,,,,,,,,,
us6000t04s,27/05/2026 01:00,13.4,22,-7.8,9.2,1017.1,759.7,0,0,0,0,7.6,,,,115,,,,8.3,0,0,0,0,0,0,0,0,0,0,0,,,,,,,,,,,,
us6000t04s,27/05/2026 02:00,12.2,23,-8.1,7.2,1017.7,759.3,0,0,0,0,12.8,,,,75,,,,15.5,0,0,0,0,0,0,0,0,0,0,0,,,,,,,,,,,,
us6000t04s,27/05/2026 03:00,10.6,27,-7.6,5.7,1017.8,758.2,0,0,0,0,13.1,,,,60,,,,16.9,0,0,0,0,0,0,0,0,0,0,0,,,,,,,,,,,,
us6000t04s,27/05/2026 04:00,9.1,31,-7.1,4.2,1017.9,757,0,0,0,0,12.7,,,,58,,,,16.6,0,0,0,0,0,0,0,0,0,0,0,,,,,,,,,,,,
us6000t04s,27/05/2026 05:00,7.9,34,-7.1,2.9,1018.1,756.3,0,0,0,0,14.4,,,,68,,,,18.7,0,0,0,0,0,0,0,0,0,0,0,,,,,,,,,,,,
us6000t04s,27/05/2026 06:00,7.1,35,-7.2,1.9,1019,756.3,0,0,0,0,14.6,,,,74,,,,20.2,0,0,0,0,0,0,0,0,0,0,0,,,,,,,,,,,,
us6000t04s,27/05/2026 07:00,6.8,36,-7.2,1.5,1018.5,755.7,0,0,0,0,15.4,,,,69,,,,20.5,0,0,0,0,0,0,0,0,0,0,0,,,,,,,,,,,,
us6000t04s,27/05/2026 08:00,6.5,37,-7.2,1.3,1018.2,755.3,0,0,0,0,15.1,,,,62,,,,20.5,0,0,0,0,0,0,0,0,0,0,0,,,,,,,,,,,,
us6000t04s,27/05/2026 09:00,6.1,37,-7.7,1,1018.3,755,0,0,0,0,14.3,,,,62,,,,19.8,0,0,0,0,0,0,0,0,0,0,0,,,,,,,,,,,,
us6000t04s,27/05/2026 10:00,5.7,37,-7.9,0.6,1018.7,755,0,0,0,0,13.4,,,,61,,,,18.4,0,0,0,0,0,0,0,0,0,0,0,,,,,,,,,,,,
us6000t04s,27/05/2026 11:00,5.3,37,-8.1,0.2,1019.4,755.2,0,0,0,0,13.6,,,,58,,,,16.9,0,0,0,0,0,0,0,0,0,0,0,,,,,,,,,,,,
us6000t04s,27/05/2026 12:00,7.4,31,-8.4,2.1,1020.3,757.5,0,0,0,0,15,,,,61,,,,18.7,61,43,18,373.5,106,0,0,0,0,0,0,,,,,,,,,,,,
us6000t04s,27/05/2026 13:00,12.8,22,-8.4,7.9,1019.9,761.4,0,0,0,0,11.7,,,,53,,,,21.6,269,222,47,779.4,379.6,0,0,0,0,0,0,,,,,,,,,,,,
us6000t04s,27/05/2026 14:00,17.4,18,-7.6,12.5,1018.4,763.7,0,0,0,0,13,,,,17,,,,22.7,475,418,57,901.5,617.9,0,0,0,0,0,0,,,,,,,,,,,,
us6000t04s,27/05/2026 15:00,19.6,16,-6.9,15.8,1017,764.3,0,0,0,0,9,,,,2,,,,25.2,640,576,64,957.7,801.5,0,0,0,0,0,0,,,,,,,,,,,,
us6000t04s,27/05/2026 16:00,21.1,14,-7.1,17.3,1015.3,764.1,0,0,0,0,13.1,,,,277,,,,23.8,744,677,67,982.8,917.9,0,0,0,0,0,0,,,,,,,,,,,,
us6000t04s,27/05/2026 17:00,21.7,13,-7.5,15.9,1014.8,764.1,0,0,0,0,26.3,,,,270,,,,43.2,780,712,68,989.2,959.1,0,0,0,0,0,0,,,,,,,,,,,,
us6000t04s,27/05/2026 18:00,21.6,13,-7.5,16.4,1014.7,764,0,0,0,0,21.6,,,,262,,,,43.9,747,680,67,982.3,922.4,0,0,0,0,0,0,,,,,,,,,,,,
us6000t04s,27/05/2026 19:00,21.8,14,-6.6,15.4,1013.9,763.5,0,0,0,0,26.3,,,,274,,,,42.5,644,580,64,953.9,810.2,0,0,0,0,0,0,,,,,,,,,,,,
us6000t04s,27/05/2026 20:00,21,16,-6.2,14.3,1013.9,762.9,0,0,0,0,25.7,,,,278,,,,43.9,482,425,57,898.5,630.3,0,0,0,0,0,0,,,,,,,,,,,,
us6000t04s,27/05/2026 21:00,19.9,17,-6,13.5,1014.3,762.4,0,0,0,0,23.8,,,,280,,,,41,280,234,46,789.8,394.8,0,0,0,0,0,0,,,,,,,,,,,,
us6000t04s,27/05/2026 22:00,18,19,-5.7,12.6,1014.9,761.5,0,0,0,0,17.5,,,,274,,,,36.7,69,50,19,412.1,121,0,0,0,0,0,0,,,,,,,,,,,,
us6000t04s,27/05/2026 23:00,16.1,20,-6.6,11.2,1015.8,760.8,0,0,0,0,13.4,,,,243,,,,25.2,0,0,0,0,0,0,0,0,0,0,0,,,,,,,,,,,,
us7000snvt,26/05/2026 00:00,6.8,75,2.8,-0.7,1032.4,1032.4,98,98,0,0,40.4,,,,313,,,,49.7,47,6,41,49,163.4,3,0,0,0,0,0,,,,,,,,,,,,
us7000snvt,26/05/2026 01:00,6.9,78,3.2,-0.7,1032,1032,98,98,0,2,41.2,,,,312,,,,53.3,82,11,71,49.6,295.5,3,0,0,0,0,0,,,,,,,,,,,,
us7000snvt,26/05/2026 02:00,7,78,3.5,-0.7,1031.4,1031.4,98,98,0,0,42.3,,,,314,,,,54.7,115,12,103,41.9,382.2,3,0,0,0,0,0,,,,,,,,,,,,
us7000snvt,26/05/2026 03:00,7.1,78,3.6,-0.5,1030.6,1030.6,94,93,0,12,41.9,,,,312,,,,55.1,150,30,120,95.8,417.6,3,0,0,0,0,0,,,,,,,,,,,,
us7000snvt,26/05/2026 04:00,7.2,79,3.8,-0.3,1030,1030,99,98,0,52,41.9,,,,313,,,,54.7,155,32,123,106.8,399.3,3,0,0,0,0,0,,,,,,,,,,,,
us7000snvt,26/05/2026 05:00,7.3,79,4,0,1030.2,1030.2,100,100,0,65,40.4,,,,307,,,,54.4,135,50,85,202.9,328.6,3,0,0,0,0,0,,,,,,,,,,,,
us7000snvt,26/05/2026 06:00,7.3,80,4.2,0,1029.7,1029.7,100,100,0,3,40.8,,,,309,,,,52.2,70,18,52,114.1,210.3,3,0,0,0,0,0,,,,,,,,,,,,
us7000snvt,26/05/2026 07:00,7.3,82,4.4,0.1,1029.4,1029.4,90,90,0,0,40.6,,,,307,,,,52.9,16,4,12,61,56,3,0,0,0,0,0,,,,,,,,,,,,
us7000snvt,26/05/2026 08:00,7.4,82,4.5,0.4,1029.3,1029.3,100,100,0,0,38.8,,,,307,,,,52.6,0,0,0,0,0,3,0,0,0,0,0,,,,,,,,,,,,
us7000snvt,26/05/2026 09:00,7.4,81,4.4,0.4,1029.1,1029.1,70,63,0,18,39.5,,,,308,,,,50.4,0,0,0,0,0,2,0,0,0,0,0,,,,,,,,,,,,
us7000snvt,26/05/2026 10:00,7.4,81,4.3,0.2,1029.3,1029.3,97,77,0,88,40.4,,,,307,,,,51.8,0,0,0,0,0,3,0,0,0,0,0,,,,,,,,,,,,
us7000snvt,26/05/2026 11:00,7.4,82,4.6,0.3,1029.5,1029.5,100,96,0,98,40.1,,,,305,,,,51.8,0,0,0,0,0,3,0,0,0,0,0,,,,,,,,,,,,
us7000snvt,26/05/2026 12:00,7.3,80,4.1,-0.6,1029,1029,100,92,0,100,44.4,,,,310,,,,51.5,0,0,0,0,0,3,0,0,0,0,0,,,,,,,,,,,,
us7000snvt,26/05/2026 13:00,7.2,82,4.2,-0.3,1028.6,1028.6,99,84,0,96,42,,,,306,,,,56.9,0,0,0,0,0,3,0,0,0,0,0,,,,,,,,,,,,
us7000snvt,26/05/2026 14:00,7.2,82,4.2,-0.3,1028.2,1028.2,100,76,0,98,41.4,,,,307,,,,54.4,0,0,0,0,0,3,0,0,0,0,0,,,,,,,,,,,,
us7000snvt,26/05/2026 15:00,7.2,81,4.1,-0.1,1027.9,1027.9,98,89,0,77,40.3,,,,303,,,,53.3,0,0,0,0,0,3,0,0,0,0,0,,,,,,,,,,,,
us7000snvt,26/05/2026 16:00,7.2,82,4.4,0.1,1027.5,1027.5,95,78,17,76,39.5,,,,303,,,,51.8,0,0,0,0,0,3,0,0,0,0,0,,,,,,,,,,,,
us7000snvt,26/05/2026 17:00,7.2,82,4.3,0.2,1027.4,1027.4,100,89,16,98,38.4,,,,301,,,,50.8,0,0,0,0,0,3,0,0,0,0,0,,,,,,,,,,,,
us7000snvt,26/05/2026 18:00,7.2,83,4.5,0.7,1027.4,1027.4,100,86,31,100,35.5,,,,300,,,,49.3,0,0,0,0,0,3,0,0,0,0,0,,,,,,,,,,,,
us7000snvt,26/05/2026 19:00,7.2,84,4.8,1.3,1027.2,1027.2,99,49,17,97,32.2,,,,299,,,,45.4,0,0,0,0,0,3,0,0,0,0,0,,,,,,,,,,,,
us7000snvt,26/05/2026 20:00,7.3,85,5,1.5,1027.2,1027.2,100,94,8,98,31.4,,,,297,,,,41,0,0,0,0,0,3,0,0,0,0,0,,,,,,,,,,,,
us7000snvt,26/05/2026 21:00,7.3,87,5.2,1.5,1027.4,1027.4,100,80,100,100,31.8,,,,300,,,,40.3,0,0,0,0,0,3,0,0,0,0,0,,,,,,,,,,,,
us7000snvt,26/05/2026 22:00,7.3,87,5.3,1.4,1027.8,1027.8,100,98,94,99,33,,,,299,,,,41.4,0,0,0,0,0,3,0,0,0,0,0,,,,,,,,,,,,
us7000snvt,26/05/2026 23:00,7.3,87,5.2,1.6,1028.1,1028.1,100,100,95,99,31.7,,,,295,,,,41.8,3,0,3,0,18.7,3,0,0,0,0,0,,,,,,,,,,,,
us7000snvt,27/05/2026 00:00,7.1,87,5,1.4,1027.8,1027.8,100,100,0,100,31,,,,297,,,,40,33,1,32,8.4,159.6,3,0,0,0,0,0,,,,,,,,,,,,
us7000snvt,27/05/2026 01:00,7.2,85,4.8,1.4,1027.4,1027.4,100,88,0,97,31.1,,,,301,,,,39.2,77,5,72,22.9,291.5,3,0,0,0,0,0,,,,,,,,,,,,
us7000snvt,27/05/2026 02:00,7.1,86,4.9,1.4,1027,1027,100,65,0,100,30.9,,,,302,,,,40,137,21,116,74,378.2,3,0,0,0,0,0,,,,,,,,,,,,
us7000snvt,27/05/2026 03:00,7,88,5.2,1.5,1026,1026,100,100,0,100,29.8,,,,307,,,,39.2,156,45,111,145,413.7,3,0,0,0,0,0,,,,,,,,,,,,
us7000snvt,27/05/2026 04:00,7.1,89,5.4,1.5,1025.8,1025.8,100,100,0,100,30.2,,,,308,,,,38.2,133,16,117,53.9,395.6,3,0,0,0,0,0,,,,,,,,,,,,
us7000snvt,27/05/2026 05:00,7.1,89,5.3,1.4,1025.6,1025.6,100,91,0,100,31,,,,309,,,,39.2,94,0,94,0,325,3,0,0,0,0,0,,,,,,,,,,,,
us7000snvt,27/05/2026 06:00,7.2,83,4.4,1.4,1025.5,1025.5,100,98,0,99,30.5,,,,310,,,,39.2,64,7,57,45.1,207,3,0,0,0,0,0,,,,,,,,,,,,
us7000snvt,27/05/2026 07:00,7.1,88,5.3,1.5,1025.7,1025.7,100,100,0,99,30.2,,,,310,,,,39.2,15,1,14,15.5,53.7,3,0,0,0,0,0,,,,,,,,,,,,
us7000snvt,27/05/2026 08:00,7.2,90,5.6,1.8,1025.4,1025.4,100,100,0,100,29.1,,,,310,,,,38.2,0,0,0,0,0,3,0,0,0,0,0,,,,,,,,,,,,
us7000snvt,27/05/2026 09:00,7.2,90,5.7,1.8,1025.2,1025.2,100,100,0,99,29.1,,,,310,,,,36.7,0,0,0,0,0,3,0,0,0,0,0,,,,,,,,,,,,
us7000snvt,27/05/2026 10:00,7.2,90,5.7,2,1025.4,1025.4,100,100,0,100,28.4,,,,310,,,,36.7,0,0,0,0,0,3,0,0,0,0,0,,,,,,,,,,,,
us7000snvt,27/05/2026 11:00,7.2,91,5.8,2.2,1024.9,1024.9,100,100,0,99,26.6,,,,313,,,,35.6,0,0,0,0,0,3,0,0,0,0,0,,,,,,,,,,,,
us7000snvt,27/05/2026 12:00,7.2,92,5.9,1.7,1024.7,1024.7,100,100,27,100,30.6,,,,313,,,,34.6,0,0,0,0,0,3,0,0,0,0,0,,,,,,,,,,,,
us7000snvt,27/05/2026 13:00,7.2,88,5.4,1.6,1023.9,1023.9,98,40,0,98,30.7,,,,315,,,,39.6,0,0,0,0,0,3,0,0,0,0,0,,,,,,,,,,,,
us7000snvt,27/05/2026 14:00,7.1,88,5.3,1.4,1023.4,1023.4,99,92,45,84,31.3,,,,319,,,,39.6,0,0,0,0,0,3,0,0,0,0,0,,,,,,,,,,,,
us7000snvt,27/05/2026 15:00,7.1,90,5.4,1.5,1023.1,1023.1,93,64,80,0,30.3,,,,324,,,,39.6,0,0,0,0,0,3,0,0,0,0,0,,,,,,,,,,,,
us7000snvt,27/05/2026 16:00,7.1,88,5.2,1.2,1022.3,1022.3,55,49,12,0,32.1,,,,326,,,,40.3,0,0,0,0,0,2,0,0,0,0,0,,,,,,,,,,,,
us7000snvt,27/05/2026 17:00,7.1,86,4.8,0.9,1021.8,1021.8,64,60,9,1,33.5,,,,324,,,,42.1,0,0,0,0,0,2,0,0,0,0,0,,,,,,,,,,,,
us7000snvt,27/05/2026 18:00,7.1,79,3.7,0.8,1021.8,1021.8,77,73,5,16,32.6,,,,325,,,,43.6,0,0,0,0,0,2,0,0,0,0,0,,,,,,,,,,,,
us7000snvt,27/05/2026 19:00,6.9,85,4.6,1.2,1020.8,1020.8,100,100,0,1,29.9,,,,326,,,,41,0,0,0,0,0,3,0,0,0,0,0,,,,,,,,,,,,
us7000snvt,27/05/2026 20:00,7,86,4.8,0.7,1020.5,1020.5,100,100,11,6,34.3,,,,329,,,,42.1,0,0,0,0,0,3,0,0,0,0,0,,,,,,,,,,,,
us7000snvt,27/05/2026 21:00,7,84,4.6,0.9,1020.2,1020.2,98,91,16,76,33,,,,324,,,,45.7,0,0,0,0,0,3,0,0,0,0,0,,,,,,,,,,,,
us7000snvt,27/05/2026 22:00,6.8,89,5.1,1.5,1020.1,1020.1,100,100,0,52,28.7,,,,327,,,,41.4,0,0,0,0,0,3,0,0,0,0,0,,,,,,,,,,,,
us7000snvt,27/05/2026 23:00,6.9,86,4.8,1.2,1020,1020,99,99,0,54,30.8,,,,329,,,,38.2,3,0,3,0,17.1,3,0,0,0,0,0,,,,,,,,,,,,
us7000snvt,28/05/2026 00:00,6.8,89,5.1,1.1,1019.2,1019.2,100,100,0,91,31,,,,336,,,,41.4,29,1,28,8.6,155.8,3,0,0,0,0,0,,,,,,,,,,,,
us7000snvt,28/05/2026 01:00,6.9,89,5.2,1,1018.2,1018.2,99,85,0,97,32.5,,,,335,,,,41,95,20,75,92.6,287.7,3,0,0,0,0,0,,,,,,,,,,,,
us7000snvt,28/05/2026 02:00,6.9,89,5.2,0.8,1017.4,1017.4,100,64,0,99,34.3,,,,337,,,,43.2,118,20,98,71.2,374.3,3,0,0,0,0,0,,,,,,,,,,,,
us7000snvt,28/05/2026 03:00,6.9,89,5.2,1,1016.3,1016.3,100,15,0,100,33.1,,,,340,,,,44.3,152,51,101,165.8,409.9,3,0,0,0,0,0,,,,,,,,,,,,
us7000snvt,28/05/2026 04:00,7.1,85,4.8,0.9,1015.3,1015.3,99,51,0,99,33.2,,,,338,,,,42.8,169,60,109,204,391.9,3,0,0,0,0,0,,,,,,,,,,,,
us7000snvt,28/05/2026 05:00,7,88,5.1,1.1,1014.7,1014.7,100,67,0,100,32.2,,,,338,,,,42.5,135,41,94,169.8,321.6,3,0,0,0,0,0,,,,,,,,,,,,
us7000snvt,28/05/2026 06:00,7.1,89,5.3,1.2,1014.1,1014.1,100,100,0,100,32.3,,,,340,,,,41,69,14,55,91.5,203.8,3,0,0,0,0,0,,,,,,,,,,,,
us7000snvt,28/05/2026 07:00,7.1,89,5.4,1.2,1013.5,1013.5,100,100,0,100,32.7,,,,339,,,,41.8,10,0,10,0,51.4,3,0,0,0,0,0,,,,,,,,,,,,
us7000snvt,28/05/2026 08:00,7.2,87,5.1,0.9,1013,1013,100,95,0,100,34.4,,,,341,,,,43.6,0,0,0,0,0,3,0,0,0,0,0,,,,,,,,,,,,
us7000snvt,28/05/2026 09:00,7.2,87,5.2,0.8,1012.3,1012.3,100,30,0,100,35.2,,,,346,,,,45,0,0,0,0,0,3,0,0,0,0,0,,,,,,,,,,,,
us7000snvt,28/05/2026 10:00,7.2,87,5.2,0.8,1012,1012,100,27,0,100,35.3,,,,350,,,,45.4,0,0,0,0,0,3,0,0,0,0,0,,,,,,,,,,,,
us7000snvt,28/05/2026 11:00,7.2,88,5.3,1.2,1011.6,1011.6,100,24,0,100,33.2,,,,349,,,,45,0,0,0,0,0,3,0,0,0,0,0,,,,,,,,,,,,
us7000snvt,28/05/2026 12:00,7.1,90,5.6,0.9,1011,1011,100,5,0,100,34.6,,,,353,,,,42.5,0,0,0,0,0,3,0,0,0,0,0,,,,,,,,,,,,
us7000snvt,28/05/2026 13:00,7.2,88,5.4,1,1010,1010,100,8,77,100,35,,,,351,,,,45,0,0,0,0,0,3,0,0,0,0,0,,,,,,,,,,,,
us7000snvt,28/05/2026 14:00,7.3,89,5.6,1.2,1009.1,1009.1,100,13,91,100,34.3,,,,349,,,,44.6,0,0,0,0,0,3,0,0,0,0,0,,,,,,,,,,,,
us7000snvt,28/05/2026 15:00,7.4,90,5.9,1.5,1008.4,1008.4,100,20,98,100,34,,,,347,,,,43.9,0,0,0,0,0,3,0,0,0,0,0,,,,,,,,,,,,
us7000snvt,28/05/2026 16:00,7.6,91,6.2,1.5,1007.7,1007.7,100,100,80,56,35.1,,,,347,,,,45.7,0,0,0,0,0,3,0,0,0,0,0,,,,,,,,,,,,
us7000snvt,28/05/2026 17:00,7.4,94,6.6,1.8,1007.1,1007.1,100,100,73,14,33.2,,,,353,,,,44.6,0,0,0,0,0,3,0,0,0,0,0,,,,,,,,,,,,
us7000snvt,28/05/2026 18:00,7.4,94,6.4,1.5,1006.5,1006.5,100,100,30,58,34.5,,,,355,,,,43.2,0,0,0,0,0,3,0,0,0,0,0,,,,,,,,,,,,
us7000snvt,28/05/2026 19:00,7.6,93,6.4,1.9,1005.5,1005.5,100,100,39,76,32.9,,,,354,,,,44.3,0,0,0,0,0,3,0,0,0,0,0,,,,,,,,,,,,
us7000snvt,28/05/2026 20:00,7.6,93,6.4,2.2,1004.7,1004.7,100,100,35,100,30.8,,,,356,,,,42.1,0,0,0,0,0,3,0,0,0,0,0,,,,,,,,,,,,
us7000snvt,28/05/2026 21:00,7.3,96,6.7,2.4,1004.2,1004.2,100,100,43,100,28.3,,,,3,,,,39.2,0,0,0,0,0,3,0,0,0,0,0,,,,,,,,,,,,
us7000snvt,28/05/2026 22:00,7.3,97,6.8,2.7,1003.7,1003.7,100,100,47,99,26.4,,,,4,,,,35.6,0,0,0,0,0,3,0,0,0,0,0,,,,,,,,,,,,
us7000snvt,28/05/2026 23:00,7.4,97,6.9,2.7,1003.4,1003.4,100,100,100,100,27,,,,7,,,,33.8,2,0,2,0,15.6,3,0,0,0,0,0,,,,,,,,,,,,
us7000snvt,29/05/2026 00:00,7.2,97,6.8,2.4,1002.2,1002.2,100,100,98,100,27.5,,,,21,,,,34.2,33,0,33,0,152.2,3,0,0,0,0,0,,,,,,,,,,,,
us7000snvt,29/05/2026 01:00,7.4,97,6.9,2.6,1001.3,1001.3,100,100,97,100,27.4,,,,15,,,,34.9,37,0,37,0,284,3,0,0,0,0,0,,,,,,,,,,,,
us7000snvt,29/05/2026 02:00,7.4,97,7,2.9,1000.8,1000.8,100,100,78,100,25.6,,,,8,,,,34.2,44,0,44,0,370.6,3,0,0,0,0,0,,,,,,,,,,,,
us7000snvt,29/05/2026 03:00,7.3,98,7,3.1,999.5,999.5,100,100,97,100,23.9,,,,9,,,,32,72,0,72,0,406.2,3,0,0,0,0,0,,,,,,,,,,,,
us7000snvt,29/05/2026 04:00,7.2,99,7,3.2,998.5,998.5,100,100,98,100,22,,,,8,,,,29.9,89,0,89,0,388.4,3,0,0,0,0,0,,,,,,,,,,,,
us7000snvt,29/05/2026 05:00,7.1,99,7,3.4,997.9,997.9,100,100,100,100,20.1,,,,10,,,,27.4,96,2,94,8.4,318.3,3,0,0,0,0,0,,,,,,,,,,,,
us7000snvt,29/05/2026 06:00,7.1,99,6.9,3.2,997.8,997.8,100,100,100,98,21.3,,,,19,,,,25.6,45,0,45,0,200.8,3,0,0,0,0,0,,,,,,,,,,,,
us7000snvt,29/05/2026 07:00,7,99,6.9,2.9,997.3,997.3,100,100,100,96,22.6,,,,17,,,,28.1,8,0,8,0,49.3,3,0,0,0,0,0,,,,,,,,,,,,
us7000snvt,29/05/2026 08:00,6.9,100,6.9,2.8,996.9,996.9,100,100,99,98,23.1,,,,13,,,,28.8,0,0,0,0,0,3,0,0,0,0,0,,,,,,,,,,,,
us7000snvt,29/05/2026 09:00,6.9,99,6.8,2.7,996.4,996.4,100,100,100,100,23.4,,,,8,,,,29.5,0,0,0,0,0,3,0,0,0,0,0,,,,,,,,,,,,
us7000snvt,29/05/2026 10:00,6.8,99,6.7,2.5,996,996,100,100,100,100,23.4,,,,11,,,,29.5,0,0,0,0,0,3,0,0,0,0,0,,,,,,,,,,,,
us7000snvt,29/05/2026 11:00,6.8,99,6.7,2.5,995.4,995.4,100,93,100,100,24.2,,,,15,,,,30.2,0,0,0,0,0,51,0.1,0.1,0,0,0,,,,,,,,,,,,
us7000snvt,29/05/2026 12:00,6.9,98,6.6,2.1,994.7,994.7,100,91,100,100,27.3,,,,23,,,,31,0,0,0,0,0,51,0.1,0.1,0,0,0,,,,,,,,,,,,
us7000snvt,29/05/2026 13:00,7.1,96,6.6,2.2,993.9,993.9,100,15,100,100,27.4,,,,23,,,,34.6,0,0,0,0,0,51,0.1,0.1,0,0,0,,,,,,,,,,,,
us7000snvt,29/05/2026 14:00,7.4,94,6.5,2.5,992.9,992.9,100,100,100,77,27.3,,,,23,,,,34.9,0,0,0,0,0,51,0.1,0.1,0,0,0,,,,,,,,,,,,
us7000snvt,29/05/2026 15:00,7.6,93,6.5,2.6,991.9,991.9,100,100,100,100,27.6,,,,23,,,,34.9,0,0,0,0,0,3,0,0,0,0,0,,,,,,,,,,,,
us7000snvt,29/05/2026 16:00,7.6,94,6.8,2.8,991.1,991.1,100,100,100,95,27.2,,,,23,,,,34.9,0,0,0,0,0,51,0.4,0.4,0,0,0,,,,,,,,,,,,
us7000snvt,29/05/2026 17:00,7.7,95,6.9,3,990.4,990.4,100,100,100,78,26.2,,,,23,,,,34.2,0,0,0,0,0,51,0.4,0.4,0,0,0,,,,,,,,,,,,
us7000snvt,29/05/2026 18:00,7.7,96,7.1,3.1,989.9,989.9,100,100,100,35,26.3,,,,15,,,,32.8,0,0,0,0,0,51,0.3,0.3,0,0,0,,,,,,,,,,,,
us7000snvt,29/05/2026 19:00,7.5,97,7.1,3.3,989.2,989.2,100,100,98,98,23.4,,,,359,,,,32.8,0,0,0,0,0,51,0.3,0.3,0,0,0,,,,,,,,,,,,
us7000snvt,29/05/2026 20:00,7.4,98,7.1,3.5,989.2,989.2,100,100,44,0,21.7,,,,330,,,,29.2,0,0,0,0,0,51,0.1,0.1,0,0,0,,,,,,,,,,,,
us7000snvt,29/05/2026 21:00,7.4,97,7,3.9,989.3,989.3,90,85,50,0,19.1,,,,308,,,,26.6,0,0,0,0,0,3,0,0,0,0,0,,,,,,,,,,,,
us7000snvt,29/05/2026 22:00,7.3,96,6.8,4.2,989.3,989.3,100,99,85,0,15.4,,,,300,,,,23.4,0,0,0,0,0,3,0,0,0,0,0,,,,,,,,,,,,
us7000snvt,29/05/2026 23:00,7.2,96,6.6,3.9,989.7,989.7,100,100,21,0,16.3,,,,296,,,,19.4,3,0,3,0,14.2,3,0,0,0,0,0,,,,,,,,,,,,
us7000snvr,26/05/2026 00:00,6.8,76,2.9,-0.8,1032.3,1032.3,100,100,0,0,41.1,,,,313,,,,50,45,5,40,40.9,163.1,3,0,0,0,0,0,,,,,,,,,,,,
us7000snvr,26/05/2026 01:00,6.9,78,3.2,-0.6,1031.9,1031.9,91,91,0,2,41,,,,313,,,,53.6,85,12,73,54.3,294.7,3,0,0,0,0,0,,,,,,,,,,,,
us7000snvr,26/05/2026 02:00,6.9,79,3.5,-0.7,1031.3,1031.3,96,96,0,7,42.4,,,,314,,,,55.1,115,12,103,42,381,3,0,0,0,0,0,,,,,,,,,,,,
us7000snvr,26/05/2026 03:00,7.1,79,3.7,-0.6,1030.5,1030.5,89,88,0,16,42,,,,313,,,,55.4,158,35,123,112.1,416.1,3,0,0,0,0,0,,,,,,,,,,,,
us7000snvr,26/05/2026 04:00,7.2,79,3.8,-0.4,1029.9,1029.9,100,100,0,52,42.3,,,,313,,,,55.1,159,37,122,124.1,397.6,3,0,0,0,0,0,,,,,,,,,,,,
us7000snvr,26/05/2026 05:00,7.3,79,4,0,1030.1,1030.1,100,99,0,62,40.3,,,,306,,,,54.7,131,47,84,191.8,326.6,3,0,0,0,0,0,,,,,,,,,,,,
us7000snvr,26/05/2026 06:00,7.3,80,4.2,-0.1,1029.6,1029.6,100,100,0,7,41.6,,,,309,,,,52.2,67,15,52,96,208.2,3,0,0,0,0,0,,,,,,,,,,,,
us7000snvr,26/05/2026 07:00,7.3,82,4.4,0,1029.4,1029.4,88,88,0,0,40.9,,,,307,,,,53.6,15,3,12,46.3,54.4,3,0,0,0,0,0,,,,,,,,,,,,
us7000snvr,26/05/2026 08:00,7.3,82,4.5,0.2,1029.2,1029.2,100,100,0,0,39.4,,,,307,,,,52.9,0,0,0,0,0,3,0,0,0,0,0,,,,,,,,,,,,
us7000snvr,26/05/2026 09:00,7.4,82,4.4,0.2,1028.9,1028.9,63,53,0,21,39.9,,,,309,,,,51.1,0,0,0,0,0,2,0,0,0,0,0,,,,,,,,,,,,
us7000snvr,26/05/2026 10:00,7.4,81,4.3,0.1,1029.2,1029.2,98,70,0,95,41,,,,307,,,,52.6,0,0,0,0,0,3,0,0,0,0,0,,,,,,,,,,,,
us7000snvr,26/05/2026 11:00,7.4,82,4.6,0.2,1029.4,1029.4,100,98,0,99,40.5,,,,306,,,,52.6,0,0,0,0,0,3,0,0,0,0,0,,,,,,,,,,,,
us7000snvr,26/05/2026 12:00,7.3,80,4.1,-0.6,1028.8,1028.8,100,53,0,100,44.6,,,,310,,,,51.8,0,0,0,0,0,3,0,0,0,0,0,,,,,,,,,,,,
us7000snvr,26/05/2026 13:00,7.2,82,4.2,-0.4,1028.5,1028.5,99,76,0,95,42.7,,,,306,,,,57.2,0,0,0,0,0,3,0,0,0,0,0,,,,,,,,,,,,
us7000snvr,26/05/2026 14:00,7.2,82,4.3,-0.4,1028,1028,100,71,0,98,42.2,,,,307,,,,54.7,0,0,0,0,0,3,0,0,0,0,0,,,,,,,,,,,,
us7000snvr,26/05/2026 15:00,7.2,82,4.2,-0.2,1027.8,1027.8,95,78,0,77,41.1,,,,304,,,,54,0,0,0,0,0,3,0,0,0,0,0,,,,,,,,,,,,
us7000snvr,26/05/2026 16:00,7.2,82,4.4,0.1,1027.4,1027.4,97,85,20,76,40,,,,302,,,,52.6,0,0,0,0,0,3,0,0,0,0,0,,,,,,,,,,,,
us7000snvr,26/05/2026 17:00,7.2,82,4.3,0.2,1027.3,1027.3,100,87,17,98,38.9,,,,301,,,,51.1,0,0,0,0,0,3,0,0,0,0,0,,,,,,,,,,,,
us7000snvr,26/05/2026 18:00,7.2,83,4.5,0.6,1027.3,1027.3,100,79,27,100,36.1,,,,301,,,,49.7,0,0,0,0,0,3,0,0,0,0,0,,,,,,,,,,,,
us7000snvr,26/05/2026 19:00,7.2,84,4.8,1.2,1027.1,1027.1,99,45,75,95,33.1,,,,298,,,,46.1,0,0,0,0,0,3,0,0,0,0,0,,,,,,,,,,,,
us7000snvr,26/05/2026 20:00,7.3,85,5,1.4,1027.1,1027.1,100,73,40,98,32,,,,298,,,,42.1,0,0,0,0,0,3,0,0,0,0,0,,,,,,,,,,,,
us7000snvr,26/05/2026 21:00,7.3,87,5.2,1.4,1027.2,1027.2,100,52,98,100,32.5,,,,301,,,,41,0,0,0,0,0,3,0,0,0,0,0,,,,,,,,,,,,
us7000snvr,26/05/2026 22:00,7.3,87,5.3,1.3,1027.7,1027.7,100,64,77,99,33.5,,,,300,,,,42.5,0,0,0,0,0,3,0,0,0,0,0,,,,,,,,,,,,
us7000snvr,26/05/2026 23:00,7.3,86,5.2,1.3,1027.9,1027.9,100,59,98,98,33.3,,,,296,,,,43.2,3,0,3,0,18.7,3,0,0,0,0,0,,,,,,,,,,,,
us7000snvr,27/05/2026 00:00,7.1,87,5,1.2,1027.7,1027.7,100,96,0,99,31.6,,,,297,,,,42.1,35,2,33,16.7,159.3,3,0,0,0,0,0,,,,,,,,,,,,
us7000snvr,27/05/2026 01:00,7.2,85,4.8,1.4,1027.3,1027.3,99,69,0,98,30.9,,,,302,,,,40,83,11,72,50.4,290.8,3,0,0,0,0,0,,,,,,,,,,,,
us7000snvr,27/05/2026 02:00,7.1,86,4.9,1.2,1026.8,1026.8,100,53,0,100,32.1,,,,303,,,,41,150,36,114,127.2,377.1,3,0,0,0,0,0,,,,,,,,,,,,
us7000snvr,27/05/2026 03:00,7,88,5.2,1.3,1025.8,1025.8,100,88,0,100,30.9,,,,306,,,,40.7,169,54,115,174.6,412.2,3,0,0,0,0,0,,,,,,,,,,,,
us7000snvr,27/05/2026 04:00,7.1,89,5.4,1.4,1025.7,1025.7,100,100,0,99,30.7,,,,308,,,,38.9,148,26,122,88,393.8,3,0,0,0,0,0,,,,,,,,,,,,
us7000snvr,27/05/2026 05:00,7.1,89,5.4,1.4,1025.5,1025.5,100,95,0,100,31.3,,,,308,,,,39.6,96,3,93,12.4,323.1,3,0,0,0,0,0,,,,,,,,,,,,
us7000snvr,27/05/2026 06:00,7.2,83,4.5,1.4,1025.4,1025.4,100,95,0,99,30.6,,,,311,,,,39.6,63,6,57,39,204.9,3,0,0,0,0,0,,,,,,,,,,,,
us7000snvr,27/05/2026 07:00,7.2,86,5.1,1.4,1025.6,1025.6,100,100,0,99,31.5,,,,307,,,,40.3,14,1,13,15.7,52.1,3,0,0,0,0,0,,,,,,,,,,,,
us7000snvr,27/05/2026 08:00,7.1,90,5.6,1.7,1025.3,1025.3,100,100,0,100,29.4,,,,310,,,,39.6,0,0,0,0,0,3,0,0,0,0,0,,,,,,,,,,,,
us7000snvr,27/05/2026 09:00,7.2,90,5.6,1.8,1025.1,1025.1,100,100,0,98,29.4,,,,311,,,,37.1,0,0,0,0,0,3,0,0,0,0,0,,,,,,,,,,,,
us7000snvr,27/05/2026 10:00,7.2,90,5.7,1.8,1025.3,1025.3,100,100,0,100,29.7,,,,309,,,,37.4,0,0,0,0,0,3,0,0,0,0,0,,,,,,,,,,,,
us7000snvr,27/05/2026 11:00,7.2,91,5.8,2.1,1024.9,1024.9,100,100,0,98,27.3,,,,313,,,,37.1,0,0,0,0,0,3,0,0,0,0,0,,,,,,,,,,,,
us7000snvr,27/05/2026 12:00,7.2,92,5.9,1.7,1024.6,1024.6,100,100,29,100,30.2,,,,313,,,,34.6,0,0,0,0,0,3,0,0,0,0,0,,,,,,,,,,,,
us7000snvr,27/05/2026 13:00,7.2,90,5.6,1.6,1023.8,1023.8,98,41,0,97,30.8,,,,315,,,,39.2,0,0,0,0,0,3,0,0,0,0,0,,,,,,,,,,,,
us7000snvr,27/05/2026 14:00,7.2,88,5.3,1.4,1023.3,1023.3,100,100,43,86,31.7,,,,318,,,,40,0,0,0,0,0,3,0,0,0,0,0,,,,,,,,,,,,
us7000snvr,27/05/2026 15:00,7.1,90,5.4,1.4,1023,1023,90,64,71,0,30.9,,,,323,,,,40.3,0,0,0,0,0,3,0,0,0,0,0,,,,,,,,,,,,
us7000snvr,27/05/2026 16:00,7.1,89,5.3,1.2,1022.3,1022.3,63,53,20,5,32.1,,,,326,,,,40.3,0,0,0,0,0,2,0,0,0,0,0,,,,,,,,,,,,
us7000snvr,27/05/2026 17:00,7,87,5.1,0.9,1021.7,1021.7,55,44,16,4,33.7,,,,324,,,,42.5,0,0,0,0,0,2,0,0,0,0,0,,,,,,,,,,,,
us7000snvr,27/05/2026 18:00,7.1,80,3.8,0.7,1021.7,1021.7,87,82,13,17,33.4,,,,326,,,,43.6,0,0,0,0,0,3,0,0,0,0,0,,,,,,,,,,,,
us7000snvr,27/05/2026 19:00,6.9,83,4.2,1,1020.7,1020.7,100,100,1,7,31.5,,,,323,,,,42.1,0,0,0,0,0,3,0,0,0,0,0,,,,,,,,,,,,
us7000snvr,27/05/2026 20:00,6.9,87,4.9,0.9,1020.4,1020.4,100,100,3,1,32.8,,,,330,,,,40.3,0,0,0,0,0,3,0,0,0,0,0,,,,,,,,,,,,
us7000snvr,27/05/2026 21:00,7,84,4.4,0.4,1020.1,1020.1,100,98,20,77,36,,,,327,,,,46.8,0,0,0,0,0,3,0,0,0,0,0,,,,,,,,,,,,
us7000snvr,27/05/2026 22:00,6.8,89,5.1,1.3,1020.1,1020.1,100,100,1,55,29.6,,,,329,,,,45.4,0,0,0,0,0,3,0,0,0,0,0,,,,,,,,,,,,
us7000snvr,27/05/2026 23:00,6.9,87,4.9,1.3,1019.9,1019.9,98,97,0,45,30.1,,,,327,,,,37.8,3,0,3,0,17.1,3,0,0,0,0,0,,,,,,,,,,,,
us7000snvr,28/05/2026 00:00,6.9,88,5.1,1.1,1019.2,1019.2,100,100,0,93,31.8,,,,335,,,,42.1,32,1,31,8.6,155.5,3,0,0,0,0,0,,,,,,,,,,,,
us7000snvr,28/05/2026 01:00,6.9,89,5.2,0.9,1018.2,1018.2,100,88,0,98,32.9,,,,335,,,,41.8,96,19,77,88.2,287,3,0,0,0,0,0,,,,,,,,,,,,
us7000snvr,28/05/2026 02:00,6.9,89,5.2,0.8,1017.4,1017.4,100,65,0,100,34.2,,,,336,,,,43.2,118,22,96,78.5,373.2,3,0,0,0,0,0,,,,,,,,,,,,
us7000snvr,28/05/2026 03:00,6.9,89,5.2,0.8,1016.3,1016.3,100,20,0,100,34.3,,,,340,,,,44.6,140,42,98,137,408.4,3,0,0,0,0,0,,,,,,,,,,,,
us7000snvr,28/05/2026 04:00,7.1,85,4.8,0.8,1015.3,1015.3,99,47,0,99,33.9,,,,338,,,,43.6,152,47,105,160.5,390.1,3,0,0,0,0,0,,,,,,,,,,,,
us7000snvr,28/05/2026 05:00,7,87,5.1,1,1014.7,1014.7,100,84,0,100,32.8,,,,337,,,,43.2,135,42,93,175.1,319.6,3,0,0,0,0,0,,,,,,,,,,,,
us7000snvr,28/05/2026 06:00,7.1,89,5.3,1.2,1014.1,1014.1,100,100,0,100,32.4,,,,341,,,,41.8,69,13,56,85.8,201.7,3,0,0,0,0,0,,,,,,,,,,,,
us7000snvr,28/05/2026 07:00,7.1,90,5.5,1.1,1013.5,1013.5,100,100,0,100,33.2,,,,340,,,,42.1,10,0,10,0,49.9,3,0,0,0,0,0,,,,,,,,,,,,
us7000snvr,28/05/2026 08:00,7.1,87,5.1,0.9,1013,1013,100,96,0,100,34.4,,,,341,,,,43.6,0,0,0,0,0,3,0,0,0,0,0,,,,,,,,,,,,
us7000snvr,28/05/2026 09:00,7.2,87,5.2,0.8,1012.3,1012.3,100,97,0,100,35.7,,,,345,,,,45.4,0,0,0,0,0,3,0,0,0,0,0,,,,,,,,,,,,
us7000snvr,28/05/2026 10:00,7.2,87,5.2,0.8,1012,1012,100,66,0,100,35.8,,,,349,,,,45.7,0,0,0,0,0,3,0,0,0,0,0,,,,,,,,,,,,
us7000snvr,28/05/2026 11:00,7.2,88,5.3,1,1011.6,1011.6,100,48,0,100,34,,,,348,,,,45.7,0,0,0,0,0,3,0,0,0,0,0,,,,,,,,,,,,
us7000snvr,28/05/2026 12:00,7.1,90,5.6,0.8,1011,1011,100,3,0,100,35.2,,,,353,,,,43.6,0,0,0,0,0,3,0,0,0,0,0,,,,,,,,,,,,
us7000snvr,28/05/2026 13:00,7.2,89,5.4,0.9,1010,1010,100,8,81,100,35.6,,,,350,,,,45.7,0,0,0,0,0,3,0,0,0,0,0,,,,,,,,,,,,
us7000snvr,28/05/2026 14:00,7.2,90,5.7,1.1,1009.1,1009.1,100,10,90,100,34.6,,,,349,,,,45.4,0,0,0,0,0,3,0,0,0,0,0,,,,,,,,,,,,
us7000snvr,28/05/2026 15:00,7.4,90,5.9,1.4,1008.5,1008.5,100,16,99,100,34.2,,,,347,,,,44.3,0,0,0,0,0,3,0,0,0,0,0,,,,,,,,,,,,
us7000snvr,28/05/2026 16:00,7.6,91,6.2,1.3,1007.8,1007.8,100,100,82,92,36.1,,,,346,,,,46.1,0,0,0,0,0,3,0,0,0,0,0,,,,,,,,,,,,
us7000snvr,28/05/2026 17:00,7.4,94,6.6,1.6,1007.1,1007.1,100,100,85,11,33.9,,,,353,,,,45.7,0,0,0,0,0,3,0,0,0,0,0,,,,,,,,,,,,
us7000snvr,28/05/2026 18:00,7.4,94,6.4,1.4,1006.5,1006.5,100,100,53,45,35.2,,,,355,,,,44.6,0,0,0,0,0,3,0,0,0,0,0,,,,,,,,,,,,
us7000snvr,28/05/2026 19:00,7.6,92,6.4,1.7,1005.6,1005.6,98,90,35,71,34,,,,354,,,,45.4,0,0,0,0,0,3,0,0,0,0,0,,,,,,,,,,,,
us7000snvr,28/05/2026 20:00,7.6,92,6.4,2.1,1004.7,1004.7,100,100,31,100,31.6,,,,356,,,,43.6,0,0,0,0,0,3,0,0,0,0,0,,,,,,,,,,,,
us7000snvr,28/05/2026 21:00,7.4,96,6.8,2.3,1004.2,1004.2,100,100,38,98,29,,,,3,,,,40.3,0,0,0,0,0,3,0,0,0,0,0,,,,,,,,,,,,
us7000snvr,28/05/2026 22:00,7.3,97,6.8,2.6,1003.8,1003.8,100,100,34,100,27,,,,3,,,,36.7,0,0,0,0,0,3,0,0,0,0,0,,,,,,,,,,,,
us7000snvr,28/05/2026 23:00,7.4,97,6.9,2.7,1003.5,1003.5,100,100,99,100,27.5,,,,6,,,,34.2,2,0,2,0,15.6,3,0,0,0,0,0,,,,,,,,,,,,
us7000snvr,29/05/2026 00:00,7.4,96,6.8,2.5,1002.3,1002.3,100,100,99,100,27.8,,,,19,,,,34.9,31,0,31,0,151.9,3,0,0,0,0,0,,,,,,,,,,,,
us7000snvr,29/05/2026 01:00,7.5,96,6.9,2.6,1001.3,1001.3,100,100,95,100,28,,,,15,,,,35.6,33,0,33,0,283.2,3,0,0,0,0,0,,,,,,,,,,,,
us7000snvr,29/05/2026 02:00,7.5,97,7.1,2.9,1000.8,1000.8,100,100,79,100,26.1,,,,9,,,,34.9,43,0,43,0,369.5,3,0,0,0,0,0,,,,,,,,,,,,
us7000snvr,29/05/2026 03:00,7.4,98,7.1,3.1,999.5,999.5,100,100,96,100,24.4,,,,8,,,,32.8,65,0,65,0,404.7,3,0,0,0,0,0,,,,,,,,,,,,
us7000snvr,29/05/2026 04:00,7.3,99,7.1,3.3,998.5,998.5,100,100,98,100,22.4,,,,8,,,,30.2,79,0,79,0,386.6,3,0,0,0,0,0,,,,,,,,,,,,
us7000snvr,29/05/2026 05:00,7.2,99,7.1,3.4,998,998,100,100,100,100,20.3,,,,6,,,,28.1,93,2,91,8.4,316.3,3,0,0,0,0,0,,,,,,,,,,,,
us7000snvr,29/05/2026 06:00,7.1,99,7,3.4,997.9,997.9,100,100,98,99,20.4,,,,18,,,,25.2,46,0,46,0,198.7,3,0,0,0,0,0,,,,,,,,,,,,
us7000snvr,29/05/2026 07:00,7.1,99,6.9,3.1,997.4,997.4,100,100,100,95,21.6,,,,17,,,,26.6,9,0,9,0,47.8,3,0,0,0,0,0,,,,,,,,,,,,
us7000snvr,29/05/2026 08:00,7,99,6.9,3,996.9,996.9,100,100,99,99,22.3,,,,13,,,,27.7,0,0,0,0,0,3,0,0,0,0,0,,,,,,,,,,,,
us7000snvr,29/05/2026 09:00,6.9,99,6.8,2.8,996.5,996.5,100,100,100,100,22.7,,,,8,,,,28.1,0,0,0,0,0,3,0,0,0,0,0,,,,,,,,,,,,
us7000snvr,29/05/2026 10:00,6.8,100,6.8,2.7,996.1,996.1,100,100,100,100,22.9,,,,8,,,,28.8,0,0,0,0,0,3,0,0,0,0,0,,,,,,,,,,,,
us7000snvr,29/05/2026 11:00,6.8,99,6.7,2.5,995.4,995.4,100,100,100,100,23.6,,,,12,,,,29.5,0,0,0,0,0,3,0,0,0,0,0,,,,,,,,,,,,
us7000snvr,29/05/2026 12:00,6.9,98,6.6,2.1,994.8,994.8,100,100,100,100,27,,,,22,,,,30.2,0,0,0,0,0,51,0.1,0.1,0,0,0,,,,,,,,,,,,
us7000snvr,29/05/2026 13:00,7,98,6.7,2.2,994,994,100,66,100,100,27.1,,,,23,,,,33.8,0,0,0,0,0,51,0.1,0.1,0,0,0,,,,,,,,,,,,
us7000snvr,29/05/2026 14:00,7.3,95,6.6,2.5,993,993,100,52,100,68,26.7,,,,23,,,,33.8,0,0,0,0,0,51,0.1,0.1,0,0,0,,,,,,,,,,,,
us7000snvr,29/05/2026 15:00,7.6,93,6.5,2.7,992,992,100,100,100,100,27.2,,,,23,,,,33.8,0,0,0,0,0,3,0,0,0,0,0,,,,,,,,,,,,
us7000snvr,29/05/2026 16:00,7.6,94,6.7,2.8,991.2,991.2,100,100,100,92,26.9,,,,22,,,,34.2,0,0,0,0,0,51,0.2,0.2,0,0,0,,,,,,,,,,,,
us7000snvr,29/05/2026 17:00,7.7,95,6.9,3.1,990.5,990.5,100,100,100,92,26,,,,25,,,,33.5,0,0,0,0,0,53,0.5,0.5,0,0,0,,,,,,,,,,,,
us7000snvr,29/05/2026 18:00,7.7,96,7.1,3.2,990,990,100,100,100,35,26,,,,19,,,,32.8,0,0,0,0,0,51,0.3,0.3,0,0,0,,,,,,,,,,,,
us7000snvr,29/05/2026 19:00,7.6,97,7.1,3.3,989.2,989.2,100,100,100,94,24.4,,,,5,,,,32.4,0,0,0,0,0,51,0.4,0.4,0,0,0,,,,,,,,,,,,
us7000snvr,29/05/2026 20:00,7.4,97,7.1,3.5,989.1,989.1,100,100,66,1,22.2,,,,339,,,,30.2,0,0,0,0,0,51,0.2,0.2,0,0,0,,,,,,,,,,,,
us7000snvr,29/05/2026 21:00,7.4,97,7,3.7,989.3,989.3,100,100,45,0,20.4,,,,310,,,,27.4,0,0,0,0,0,3,0,0,0,0,0,,,,,,,,,,,,
us7000snvr,29/05/2026 22:00,7.3,96,6.8,4.1,989.3,989.3,100,100,79,0,16.5,,,,300,,,,24.8,0,0,0,0,0,3,0,0,0,0,0,,,,,,,,,,,,
us7000snvr,29/05/2026 23:00,7.2,96,6.6,3.9,989.6,989.6,100,100,69,0,16.3,,,,295,,,,19.8,3,0,3,0,14.2,3,0,0,0,0,0,,,,,,,,,,,,
hv74966427,21/05/2026 00:00,22.4,66,15.9,24.3,1017.1,915.9,38,30,14,0,5.6,,,,264,,,,25.6,654,347,307,362.8,1277.7,51,0.1,0.1,0,0,0,,,,,,,,,,,,
hv74966427,21/05/2026 01:00,21.9,68,15.8,23.4,1016.6,915.3,34,13,24,0,5.4,,,,233,,,,23.4,585,348,237,405.1,1147.5,1,0,0,0,0,0,,,,,,,,,,,,
hv74966427,21/05/2026 02:00,20.6,78,16.5,22.1,1016.6,914.8,97,45,96,0,5,,,,229,,,,25.2,453,281,172,395.4,949.4,51,0.3,0.3,0,0,0,,,,,,,,,,,,
hv74966427,21/05/2026 03:00,19,95,18.3,21.5,1016.6,914.3,100,38,100,0,3.9,,,,217,,,,20.9,282,149,133,285.5,697,63,2.6,2.6,0,0,0,,,,,,,,,,,,
hv74966427,21/05/2026 04:00,18.7,97,18.2,21.2,1016.8,914.4,96,40,95,0,3.3,,,,202,,,,15.5,118,35,83,114.7,407.6,53,0.8,0.8,0,0,0,,,,,,,,,,,,
hv74966427,21/05/2026 05:00,18.3,97,17.9,20.8,1017.4,914.8,42,35,12,0,2.5,,,,210,,,,15.1,26,10,16,84.3,105.4,1,0,0,0,0,0,,,,,,,,,,,,
hv74966427,21/05/2026 06:00,18.4,94,17.4,19.9,1017.5,914.9,82,38,77,0,7.9,,,,21,,,,10.4,0,0,0,0,0,3,0,0,0,0,0,,,,,,,,,,,,
hv74966427,21/05/2026 07:00,18.7,90,17.1,21,1018.1,915.6,100,100,58,0,2,,,,360,,,,21.6,0,0,0,0,0,3,0,0,0,0,0,,,,,,,,,,,,
hv74966427,21/05/2026 08:00,19.1,86,16.7,21.4,1018.6,916.2,68,41,52,0,0.2,,,,360,,,,9,0,0,0,0,0,51,0.1,0.1,0,0,0,,,,,,,,,,,,
hv74966427,21/05/2026 09:00,19.2,84,16.4,21.4,1018.7,916.3,66,29,55,0,0.5,,,,180,,,,5.8,0,0,0,0,0,2,0,0,0,0,0,,,,,,,,,,,,
hv74966427,21/05/2026 10:00,18.7,86,16.4,20.8,1018.5,915.9,64,22,54,0,0.9,,,,281,,,,6.5,0,0,0,0,0,2,0,0,0,0,0,,,,,,,,,,,,
hv74966427,21/05/2026 11:00,18.2,90,16.6,20.3,1018.3,915.6,42,23,26,0,1.9,,,,248,,,,7.6,0,0,0,0,0,1,0,0,0,0,0,,,,,,,,,,,,
hv74966427,21/05/2026 12:00,17.6,92,16.3,18.9,1017.7,914.9,41,18,28,0,5.9,,,,14,,,,9,0,0,0,0,0,1,0,0,0,0,0,,,,,,,,,,,,
hv74966427,21/05/2026 13:00,17.6,92,16.3,19.7,1017.6,914.8,60,41,31,0,0.6,,,,252,,,,18.7,0,0,0,0,0,2,0,0,0,0,0,,,,,,,,,,,,
hv74966427,21/05/2026 14:00,17.5,95,16.7,19.5,1017.7,914.8,22,19,4,0,2.3,,,,203,,,,8.3,0,0,0,0,0,1,0,0,0,0,0,,,,,,,,,,,,
hv74966427,21/05/2026 15:00,17.2,96,16.5,19.1,1018,915,29,17,17,0,3,,,,194,,,,9.7,0,0,0,0,0,1,0,0,0,0,0,,,,,,,,,,,,
hv74966427,21/05/2026 16:00,17.2,95,16.5,19.1,1018.1,915.1,45,36,23,0,2.5,,,,184,,,,9.7,1,0,1,0,4,1,0,0,0,0,0,,,,,,,,,,,,
hv74966427,21/05/2026 17:00,18.1,97,17.6,20.3,1018.8,916,59,52,17,0,3.8,,,,177,,,,12.6,69,33,36,209.7,204.4,2,0,0,0,0,0,,,,,,,,,,,,
hv74966427,21/05/2026 18:00,18.6,93,17.5,20.7,1019.2,916.5,30,28,9,0,4.5,,,,313,,,,16.9,231,137,94,360.5,507.5,1,0,0,0,0,0,,,,,,,,,,,,
hv74966427,21/05/2026 19:00,19.9,79,16.2,21.4,1019.1,916.9,25,23,6,0,4.6,,,,225,,,,20.9,364,229,135,388.9,786.4,1,0,0,0,0,0,,,,,,,,,,,,
hv74966427,21/05/2026 20:00,21.3,67,15,22,1019,917.2,27,18,13,0,7.5,,,,226,,,,27.7,565,374,191,488.6,1022.1,1,0,0,0,0,0,,,,,,,,,,,,
hv74966427,21/05/2026 21:00,21.2,68,15.1,21.9,1018.6,916.9,54,43,33,0,7.3,,,,220,,,,28.1,546,322,224,358.8,1198.6,2,0,0,0,0,0,,,,,,,,,,,,
hv74966427,21/05/2026 22:00,21.3,68,15.2,22.2,1018.1,916.4,58,44,46,0,7.8,,,,224,,,,29.2,590,378,212,387.1,1303.9,2,0,0,0,0,0,,,,,,,,,,,,
hv74966427,21/05/2026 23:00,21.4,68,15.2,22.6,1017.8,916.2,85,81,48,0,6.7,,,,234,,,,28.8,619,383,236,384.4,1330.7,3,0,0,0,0,0,,,,,,,,,,,,
hv74966427,22/05/2026 00:00,21.9,66,15.2,22.9,1017,915.6,78,76,46,0,5.3,,,,262,,,,27.4,529,315,214,329.3,1277.3,2,0,0,0,0,0,,,,,,,,,,,,
hv74966427,22/05/2026 01:00,21.8,66,15.2,23.3,1016.5,915.2,73,41,55,0,6.5,,,,228,,,,27,652,406,246,472.5,1147.3,2,0,0,0,0,0,,,,,,,,,,,,
hv74966427,22/05/2026 02:00,21,70,15.4,22.2,1016.3,914.7,70,62,34,0,4.8,,,,228,,,,27,468,289,179,406.4,949.7,2,0,0,0,0,0,,,,,,,,,,,,
hv74966427,22/05/2026 03:00,20.3,74,15.5,21.7,1016.3,914.5,49,47,24,0,3.2,,,,236,,,,23,326,190,136,363.6,697.8,1,0,0,0,0,0,,,,,,,,,,,,
hv74966427,22/05/2026 04:00,19.5,77,15.4,21,1016.6,914.5,43,34,16,0,2.3,,,,247,,,,18.4,141,72,69,235.2,408.8,1,0,0,0,0,0,,,,,,,,,,,,
hv74966427,22/05/2026 05:00,18.4,85,15.8,20.3,1017.1,914.6,20,17,13,0,0.8,,,,297,,,,13.7,30,15,15,125.8,106.9,1,0,0,0,0,0,,,,,,,,,,,,
hv74966427,22/05/2026 06:00,18.3,83,15.4,19,1017.7,915.1,48,47,3,0,7.7,,,,9,,,,6.5,0,0,0,0,0,1,0,0,0,0,0,,,,,,,,,,,,
hv74966427,22/05/2026 07:00,17.8,90,16.1,19.7,1018,915.2,45,42,16,0,1.5,,,,263,,,,20.9,0,0,0,0,0,1,0,0,0,0,0,,,,,,,,,,,,
hv74966427,22/05/2026 08:00,16.9,95,16,18,1017.9,914.8,49,48,18,0,6.5,,,,182,,,,16.6,0,0,0,0,0,1,0,0,0,0,0,,,,,,,,,,,,
hv74966427,22/05/2026 09:00,17.2,89,15.4,17.7,1018.1,915.1,38,35,11,0,9,,,,177,,,,23.4,0,0,0,0,0,1,0,0,0,0,0,,,,,,,,,,,,
hv74966427,22/05/2026 10:00,17,91,15.5,18,1017.9,914.8,54,51,21,0,6.1,,,,192,,,,22.7,0,0,0,0,0,2,0,0,0,0,0,,,,,,,,,,,,
hv74966427,22/05/2026 11:00,16.8,97,16.3,18.5,1017.5,914.4,67,63,47,0,3.5,,,,208,,,,17.3,0,0,0,0,0,2,0,0,0,0,0,,,,,,,,,,,,
hv74966427,22/05/2026 12:00,16.7,92,15.3,18.1,1016.7,913.6,76,72,19,0,2.9,,,,22,,,,11.9,0,0,0,0,0,51,0.1,0.1,0,0,0,,,,,,,,,,,,
hv74966427,22/05/2026 13:00,16.1,96,15.5,17.7,1016.3,913.1,85,78,38,0,1.9,,,,304,,,,11.9,0,0,0,0,0,3,0,0,0,0,0,,,,,,,,,,,,
hv74966427,22/05/2026 14:00,16,97,15.6,17.7,1015.9,912.7,84,73,41,0,1.7,,,,212,,,,8.6,0,0,0,0,0,3,0,0,0,0,0,,,,,,,,,,,,
hv74966427,22/05/2026 15:00,15.6,97,15.2,16.8,1015.9,912.6,71,64,20,0,3.6,,,,189,,,,11.5,0,0,0,0,0,2,0,0,0,0,0,,,,,,,,,,,,
hv74966427,22/05/2026 16:00,16.1,95,15.3,17.2,1016.3,913.1,48,38,16,0,4.9,,,,178,,,,14,1,0,1,0,4.2,1,0,0,0,0,0,,,,,,,,,,,,
hv74966427,22/05/2026 17:00,17.2,91,15.8,18.3,1017,914.1,45,37,13,0,6.4,,,,188,,,,18,76,44,32,279.1,205.3,1,0,0,0,0,0,,,,,,,,,,,,
hv74966427,22/05/2026 18:00,18.8,84,16.1,20.2,1017.4,915,20,16,5,0,4.6,,,,315,,,,20.9,235,155,80,407.4,507.9,1,0,0,0,0,0,,,,,,,,,,,,
hv74966427,22/05/2026 19:00,19.6,79,15.8,20.5,1017.8,915.6,25,23,3,0,7.1,,,,260,,,,26.6,547,460,87,780.9,786.4,1,0,0,0,0,0,,,,,,,,,,,,
hv74966427,22/05/2026 20:00,19.8,76,15.4,20.6,1017.7,915.6,22,21,1,0,7.4,,,,244,,,,27.7,558,408,150,533,1021.8,1,0,0,0,0,0,,,,,,,,,,,,
hv74966427,22/05/2026 21:00,20.4,71,15,21.3,1017.7,915.8,30,30,0,0,8.3,,,,231,,,,29.9,631,409,222,455.7,1198.1,1,0,0,0,0,0,,,,,,,,,,,,
hv74966427,22/05/2026 22:00,20.9,67,14.6,22.1,1017.9,916.1,42,42,0,0,7.3,,,,230,,,,30.2,667,434,233,444.5,1303.2,1,0,0,0,0,0,,,,,,,,,,,,
hv74966427,22/05/2026 23:00,21,67,14.6,22.5,1017.4,915.7,57,55,25,0,5.9,,,,250,,,,29.2,682,421,261,422.5,1330.1,2,0,0,0,0,0,,,,,,,,,,,,
hv74966427,23/05/2026 00:00,20.3,68,14.3,21,1016.7,914.8,56,55,5,0,4.8,,,,295,,,,27,546,362,184,378.4,1276.9,2,0,0,0,0,0,,,,,,,,,,,,
hv74966427,23/05/2026 01:00,20.1,69,14.2,20.8,1015.7,913.9,77,73,51,0,4.6,,,,257,,,,22.3,414,177,237,205.9,1147.2,2,0,0,0,0,0,,,,,,,,,,,,
hv74966427,23/05/2026 02:00,19.8,71,14.4,20.5,1015.2,913.3,100,100,73,0,5,,,,255,,,,22.7,291,96,195,134.9,949.9,3,0,0,0,0,0,,,,,,,,,,,,
hv74966427,23/05/2026 03:00,19,75,14.5,19.6,1015.3,913.2,100,100,100,0,6.4,,,,254,,,,23.4,214,82,132,156.7,698.5,3,0,0,0,0,0,,,,,,,,,,,,
hv74966427,23/05/2026 04:00,18.4,79,14.7,19.6,1015.9,913.5,100,98,100,0,2.4,,,,257,,,,23,100,17,83,55.3,410.1,3,0,0,0,0,0,,,,,,,,,,,,
hv74966427,23/05/2026 05:00,17.9,85,15.4,19.6,1016.6,914,88,86,69,0,1,,,,292,,,,14,17,3,14,25,108.3,3,0,0,0,0,0,,,,,,,,,,,,
hv74966427,23/05/2026 06:00,18,73,13.1,17.8,1016.8,914.2,4,3,0,0,8.6,,,,26,,,,9.4,0,0,0,0,0,0,0,0,0,0,0,,,,,,,,,,,,
hv74966427,23/05/2026 07:00,17,82,13.8,17.9,1017.2,914.2,3,3,1,0,2.5,,,,274,,,,23.4,0,0,0,0,0,0,0,0,0,0,0,,,,,,,,,,,,
hv74966427,23/05/2026 08:00,16.7,86,14.4,17.7,1017.3,914.2,23,22,2,0,3.1,,,,208,,,,10.8,0,0,0,0,0,1,0,0,0,0,0,,,,,,,,,,,,
hv74966427,23/05/2026 09:00,16.5,89,14.7,17.2,1017.3,914.1,37,37,0,0,6.4,,,,188,,,,17.6,0,0,0,0,0,1,0,0,0,0,0,,,,,,,,,,,,
hv74966427,23/05/2026 10:00,16.6,89,14.8,17.6,1017,913.9,36,36,2,0,4.3,,,,185,,,,17.6,0,0,0,0,0,1,0,0,0,0,0,,,,,,,,,,,,
hv74966427,23/05/2026 11:00,16.6,90,15,17.8,1016.7,913.6,20,20,4,0,3,,,,213,,,,13.3,0,0,0,0,0,1,0,0,0,0,0,,,,,,,,,,,,
hv74966427,23/05/2026 12:00,16.6,94,15.6,17.7,1015.3,912.4,73,73,20,0,5.4,,,,330,,,,10.8,0,0,0,0,0,2,0,0,0,0,0,,,,,,,,,,,,
hv74966427,23/05/2026 13:00,15.9,98,15.6,17.2,1015.1,911.9,65,64,9,0,4.4,,,,243,,,,19.1,0,0,0,0,0,2,0,0,0,0,0,,,,,,,,,,,,
hv74966427,23/05/2026 14:00,15.9,98,15.6,16.7,1015.1,911.9,60,56,10,0,7.4,,,,198,,,,19.8,0,0,0,0,0,51,0.1,0.1,0,0,0,,,,,,,,,,,,
hv74966427,23/05/2026 15:00,15.9,98,15.6,16.9,1015.2,912,96,96,16,0,6.7,,,,196,,,,22,0,0,0,0,0,51,0.1,0.1,0,0,0,,,,,,,,,,,,
hv74966427,23/05/2026 16:00,16,97,15.5,16.8,1015.4,912.3,73,71,9,0,7.8,,,,187,,,,20.9,1,0,1,0,4.4,2,0,0,0,0,0,,,,,,,,,,,,
hv74966427,23/05/2026 17:00,17.3,86,14.8,17.8,1016,913.2,39,32,9,0,7.6,,,,177,,,,22,75,40,35,253.3,206.1,1,0,0,0,0,0,,,,,,,,,,,,
hv74966427,23/05/2026 18:00,18.5,85,16,19.9,1016,913.6,23,20,5,0,4.7,,,,313,,,,22,209,121,88,317.7,508.2,51,0.1,0.1,0,0,0,,,,,,,,,,,,
hv74966427,23/05/2026 19:00,20,77,15.8,21.3,1016,914.1,41,37,10,0,4.7,,,,268,,,,22.7,528,411,117,697.5,786.3,1,0,0,0,0,0,,,,,,,,,,,,
hv74966427,23/05/2026 20:00,20.9,63,13.6,21.4,1016.1,914.5,35,29,9,0,8.7,,,,223,,,,31.3,641,480,161,627.1,1021.4,1,0,0,0,0,0,,,,,,,,,,,,
hv74966427,23/05/2026 21:00,21.1,60,13,21.6,1016,914.5,47,42,11,0,9.2,,,,220,,,,33.1,693,502,191,559.4,1197.5,1,0,0,0,0,0,,,,,,,,,,,,
hv74966427,23/05/2026 22:00,21.2,58,12.5,21.5,1015.8,914.3,63,54,34,0,7.9,,,,231,,,,32.8,674,412,262,422.1,1302.6,2,0,0,0,0,0,,,,,,,,,,,,
hv74966427,23/05/2026 23:00,21.1,58,12.4,21.5,1015.8,914.3,59,47,35,0,7.3,,,,240,,,,30.2,672,398,274,399.5,1329.5,2,0,0,0,0,0,,,,,,,,,,,,
hv74966427,24/05/2026 00:00,21.5,58,12.8,22.7,1015,913.7,78,45,66,0,4.5,,,,310,,,,28.8,696,393,303,410.8,1276.5,2,0,0,0,0,0,,,,,,,,,,,,
hv74966427,24/05/2026 01:00,20.2,63,13.1,20.5,1014.8,913.1,77,44,71,0,5.1,,,,280,,,,23.4,471,285,186,331.5,1147.1,2,0,0,0,0,0,,,,,,,,,,,,
hv74966427,24/05/2026 02:00,19.6,67,13.3,19.8,1015,913.1,62,53,50,0,6.4,,,,278,,,,24.1,337,153,184,214.8,950.3,2,0,0,0,0,0,,,,,,,,,,,,
hv74966427,24/05/2026 03:00,18.8,73,13.8,19.3,1015.1,912.9,98,98,88,0,4.8,,,,257,,,,23.8,174,23,151,43.9,699.3,3,0,0,0,0,0,,,,,,,,,,,,
hv74966427,24/05/2026 04:00,18.3,77,14.2,19.1,1015.8,913.4,45,34,21,0,4.2,,,,211,,,,19.1,105,30,75,97.3,411.4,1,0,0,0,0,0,,,,,,,,,,,,
hv74966427,24/05/2026 05:00,17.6,81,14.3,18.4,1016.5,913.8,34,11,30,0,4.1,,,,178,,,,16.2,29,11,18,91.4,109.8,1,0,0,0,0,0,,,,,,,,,,,,
hv74966427,24/05/2026 06:00,17.8,80,14.4,19.2,1016.8,914.1,22,8,16,0,0.4,,,,270,,,,13,0,0,0,0,0,1,0,0,0,0,0,,,,,,,,,,,,
hv74966427,24/05/2026 07:00,16.3,87,14.2,17.4,1017.5,914.2,14,2,13,0,1.7,,,,238,,,,13,0,0,0,0,0,0,0,0,0,0,0,,,,,,,,,,,,
hv74966427,24/05/2026 08:00,16.1,87,14,17.2,1017.7,914.4,13,3,10,0,1.7,,,,198,,,,7.6,0,0,0,0,0,0,0,0,0,0,0,,,,,,,,,,,,
hv74966427,24/05/2026 09:00,16,85,13.4,16.6,1018,914.6,5,4,1,0,3.2,,,,207,,,,11.2,0,0,0,0,0,0,0,0,0,0,0,,,,,,,,,,,,
hv74966427,24/05/2026 10:00,15.9,87,13.7,16.5,1017.8,914.4,5,5,0,0,4,,,,212,,,,12.6,0,0,0,0,0,0,0,0,0,0,0,,,,,,,,,,,,
hv74966427,24/05/2026 11:00,16.1,89,14.3,17.2,1017.4,914.1,5,5,0,0,2.3,,,,238,,,,12.6,0,0,0,0,0,0,0,0,0,0,0,,,,,,,,,,,,
hv74966427,24/05/2026 12:00,16.5,80,13,17.4,1016.7,913.6,16,12,5,0,0.4,,,,63,,,,9,0,0,0,0,0,0,0,0,0,0,0,,,,,,,,,,,,
hv74966427,24/05/2026 13:00,15.7,85,13.3,16.3,1016.6,913.2,16,16,0,0,3.1,,,,357,,,,10.8,0,0,0,0,0,0,0,0,0,0,0,,,,,,,,,,,,
hv74966427,24/05/2026 14:00,15.5,84,12.7,15.8,1016.4,913,25,25,0,0,4,,,,10,,,,13.7,0,0,0,0,0,1,0,0,0,0,0,,,,,,,,,,,,
hv74966427,24/05/2026 15:00,15.7,82,12.6,16.3,1016.6,913.2,58,49,52,1,1.8,,,,315,,,,12.6,0,0,0,0,0,2,0,0,0,0,0,,,,,,,,,,,,
hv74966427,24/05/2026 16:00,15.3,84,12.6,15.8,1016.9,913.4,38,31,12,0,2.2,,,,215,,,,8.6,1,0,1,0,4.6,1,0,0,0,0,0,,,,,,,,,,,,
hv74966427,24/05/2026 17:00,17.5,77,13.4,18,1017.5,914.6,44,41,34,0,4.2,,,,223,,,,14.8,92,59,33,373.2,206.8,1,0,0,0,0,0,,,,,,,,,,,,
hv74966427,24/05/2026 18:00,19.7,61,11.9,19.4,1017.5,915.4,7,7,0,0,6.5,,,,321,,,,19.8,281,200,81,524.7,508.5,0,0,0,0,0,0,,,,,,,,,,,,
hv74966427,24/05/2026 19:00,20.3,58,11.8,19.8,1017,915.1,4,4,0,0,8.5,,,,276,,,,28.1,569,478,91,811,786.2,0,0,0,0,0,0,,,,,,,,,,,,
hv74966427,24/05/2026 20:00,21,55,11.7,21.5,1017.1,915.4,11,10,0,0,9.7,,,,245,,,,32.4,785,700,85,914.6,1021,0,0,0,0,0,0,,,,,,,,,,,,
hv74966427,24/05/2026 21:00,21.3,55,11.8,21.6,1017.1,915.5,36,34,4,0,10.8,,,,222,,,,36,770,606,164,675.4,1196.9,1,0,0,0,0,0,,,,,,,,,,,,
hv74966427,24/05/2026 22:00,22.2,50,11.3,23.1,1016.9,915.6,38,37,22,0,11.4,,,,239,,,,38.2,932,749,183,767.4,1301.9,1,0,0,0,0,0,,,,,,,,,,,,
hv74966427,24/05/2026 23:00,22,49,10.8,23.1,1016.6,915.3,52,49,22,0,8.9,,,,246,,,,38.2,906,706,200,708.6,1328.9,2,0,0,0,0,0,,,,,,,,,,,,
us6000szmu,21/05/2026 00:00,5.4,74,1.1,2,1012.6,1012.6,100,100,0,0,10.4,,,,350,,,,15.1,0,0,0,0,0,3,0,0,0,0,0,,,,,,,,,,,,
us6000szmu,21/05/2026 01:00,5.7,74,1.5,1.6,1013.2,1013.2,100,100,0,0,14.7,,,,346,,,,18.4,0,0,0,0,2.4,3,0,0,0,0,0,,,,,,,,,,,,
us6000szmu,21/05/2026 02:00,5.8,76,2,1,1013.5,1013.5,100,100,0,16,21,,,,350,,,,26.6,25,0,25,0,125.8,3,0,0,0,0,0,,,,,,,,,,,,
us6000szmu,21/05/2026 03:00,6.1,79,2.8,1.6,1013.5,1013.5,99,99,0,6,19.3,,,,359,,,,26.6,69,3,66,13.7,292.3,3,0,0,0,0,0,,,,,,,,,,,,
us6000szmu,21/05/2026 04:00,6.2,83,3.7,2,1013.8,1013.8,100,100,2,0,19.1,,,,352,,,,25.9,118,10,108,32.1,415.8,3,0,0,0,0,0,,,,,,,,,,,,
us6000szmu,21/05/2026 05:00,6.6,90,4.9,2,1013.8,1013.8,95,94,3,13,22.9,,,,349,,,,28.1,122,0,122,0,487.7,3,0,0,0,0,0,,,,,,,,,,,,
us6000szmu,21/05/2026 06:00,6.9,81,4,1.8,1013.5,1013.5,73,5,1,72,25.4,,,,330,,,,29.2,173,77,96,204.4,503.3,2,0,0,0,0,0,,,,,,,,,,,,
us6000szmu,21/05/2026 07:00,7,81,3.9,1,1013.2,1013.2,94,1,23,92,31.3,,,,328,,,,38.5,303,220,83,636.9,461.4,3,0,0,0,0,0,,,,,,,,,,,,
us6000szmu,21/05/2026 08:00,7.2,85,4.8,0.8,1013.1,1013.1,91,0,0,91,34.7,,,,334,,,,42.8,200,109,91,399,364.9,3,0,0,0,0,0,,,,,,,,,,,,
us6000szmu,21/05/2026 09:00,7.3,87,5.2,0.8,1012.9,1012.9,95,12,1,95,37.1,,,,338,,,,45.7,105,45,60,272.8,220.4,3,0,0,0,0,0,,,,,,,,,,,,
us6000szmu,21/05/2026 10:00,7.6,86,5.3,0.6,1012.6,1012.6,99,98,0,67,39.9,,,,340,,,,49.7,15,2,13,30.4,47.3,3,0,0,0,0,0,,,,,,,,,,,,
us6000szmu,21/05/2026 11:00,7.8,86,5.6,0.5,1012.2,1012.2,100,100,0,81,42.8,,,,341,,,,54.4,0,0,0,0,0,3,0,0,0,0,0,,,,,,,,,,,,
us6000szmu,21/05/2026 12:00,7.7,89,5.9,0.2,1012,1012,100,100,0,98,44.4,,,,344,,,,55.1,0,0,0,0,0,3,0,0,0,0,0,,,,,,,,,,,,
us6000szmu,21/05/2026 13:00,7.9,88,6.1,0.6,1011.4,1011.4,100,25,0,100,43.3,,,,343,,,,58,0,0,0,0,0,3,0,0,0,0,0,,,,,,,,,,,,
us6000szmu,21/05/2026 14:00,8,89,6.3,0.4,1010.6,1010.6,100,100,0,83,46,,,,345,,,,59.4,0,0,0,0,0,3,0,0,0,0,0,,,,,,,,,,,,
us6000szmu,21/05/2026 15:00,8.2,90,6.7,0.3,1010.4,1010.4,100,100,0,100,48.2,,,,344,,,,63.4,0,0,0,0,0,3,0,0,0,0,0,,,,,,,,,,,,
us6000szmu,21/05/2026 16:00,8.1,93,7.1,0.4,1009.5,1009.5,100,100,44,100,47.8,,,,343,,,,64.1,0,0,0,0,0,3,0,0,0,0,0,,,,,,,,,,,,
us6000szmu,21/05/2026 17:00,8.1,94,7.2,0.5,1008.1,1008.1,100,100,100,100,47.7,,,,347,,,,62.6,0,0,0,0,0,3,0,0,0,0,0,,,,,,,,,,,,
us6000szmu,21/05/2026 18:00,8.3,92,7.2,0.2,1006.9,1006.9,100,93,100,100,50.3,,,,349,,,,66.6,0,0,0,0,0,3,0,0,0,0,0,,,,,,,,,,,,
us6000szmu,21/05/2026 19:00,8.4,92,7.2,-0.1,1005.3,1005.3,100,23,100,100,53.6,,,,350,,,,70.6,0,0,0,0,0,3,0,0,0,0,0,,,,,,,,,,,,
us6000szmu,21/05/2026 20:00,8.6,92,7.3,-0.2,1004.2,1004.2,100,100,100,100,55.6,,,,350,,,,74.9,0,0,0,0,0,51,0.1,0.1,0,0,0,,,,,,,,,,,,
us6000szmu,21/05/2026 21:00,8.6,90,7.1,-0.2,1002.3,1002.3,100,100,100,100,55.5,,,,353,,,,76.7,0,0,0,0,0,51,0.4,0.4,0,0,0,,,,,,,,,,,,
us6000szmu,21/05/2026 22:00,8.6,91,7.2,-0.9,1001,1001,100,100,100,100,60.6,,,,350,,,,82.8,0,0,0,0,0,53,0.5,0.5,0,0,0,,,,,,,,,,,,
us6000szmu,21/05/2026 23:00,8.8,91,7.3,-0.6,999.9,999.9,100,100,100,100,59.7,,,,349,,,,83.9,0,0,0,0,0,53,0.5,0.5,0,0,0,,,,,,,,,,,,
us6000szmu,22/05/2026 00:00,8.5,93,7.4,-0.7,998.5,998.5,100,100,100,100,58.5,,,,352,,,,83.5,0,0,0,0,0,61,1.5,1.5,0,0,0,,,,,,,,,,,,
us6000szmu,22/05/2026 01:00,8.6,92,7.5,-0.8,997.3,997.3,100,100,100,100,60.3,,,,350,,,,83.9,0,0,0,0,1.8,61,2,2,0,0,0,,,,,,,,,,,,
us6000szmu,22/05/2026 02:00,8.6,93,7.6,-0.6,996.9,996.9,100,100,100,100,59.1,,,,344,,,,83.2,5,0,5,0,121.8,61,1.9,1.9,0,0,0,,,,,,,,,,,,
us6000szmu,22/05/2026 03:00,8.6,92,7.5,0.2,996.4,996.4,100,100,100,100,53.6,,,,332,,,,79.6,18,0,18,0,288.1,61,1.5,1.5,0,0,0,,,,,,,,,,,,
us6000szmu,22/05/2026 04:00,8.3,94,7.3,0.9,996.6,996.6,100,100,100,100,46.3,,,,314,,,,71.3,29,0,29,0,411.4,53,0.8,0.8,0,0,0,,,,,,,,,,,,
us6000szmu,22/05/2026 05:00,7.8,94,6.9,1.9,997.3,997.3,100,2,100,100,34.9,,,,278,,,,60.1,27,0,27,0,483.3,51,0.1,0.1,0,0,0,,,,,,,,,,,,
us6000szmu,22/05/2026 06:00,7.4,92,6.2,1.7,998.4,998.4,100,7,2,100,32.2,,,,264,,,,44.3,117,3,114,8,498.9,3,0,0,0,0,0,,,,,,,,,,,,
us6000szmu,22/05/2026 07:00,7.2,91,5.9,1.7,999.4,999.4,100,8,0,100,31,,,,269,,,,40.7,161,16,145,46.7,457.1,3,0,0,0,0,0,,,,,,,,,,,,
us6000szmu,22/05/2026 08:00,7.2,90,5.8,1.6,1000.5,1000.5,95,9,0,95,31.5,,,,276,,,,38.9,150,31,119,114.7,360.8,3,0,0,0,0,0,,,,,,,,,,,,
us6000szmu,22/05/2026 09:00,7.3,90,5.8,1.5,1001.8,1001.8,85,6,0,84,33.1,,,,278,,,,41.4,100,41,59,252.7,216.6,3,0,0,0,0,0,,,,,,,,,,,,
us6000szmu,22/05/2026 10:00,7.3,89,5.6,1.2,1003.1,1003.1,3,1,0,2,34.1,,,,281,,,,42.8,17,6,11,93.2,44.9,0,0,0,0,0,0,,,,,,,,,,,,
us6000szmu,22/05/2026 11:00,7.2,84,4.8,0.8,1003.8,1003.8,20,3,0,17,35.7,,,,274,,,,44.6,0,0,0,0,0,1,0,0,0,0,0,,,,,,,,,,,,
us6000szmu,22/05/2026 12:00,6.9,84,4.4,0.2,1004.5,1004.5,4,4,0,0,37,,,,277,,,,48.2,0,0,0,0,0,0,0,0,0,0,0,,,,,,,,,,,,
us6000szmu,22/05/2026 13:00,6.9,83,4.2,-0.1,1005.6,1005.6,3,3,0,0,38.9,,,,273,,,,49.7,0,0,0,0,0,0,0,0,0,0,0,,,,,,,,,,,,
us6000szmu,22/05/2026 14:00,6.9,81,3.8,-0.1,1006.5,1006.5,3,3,0,0,38.7,,,,271,,,,49.3,0,0,0,0,0,0,0,0,0,0,0,,,,,,,,,,,,
us6000szmu,22/05/2026 15:00,6.9,81,3.8,0.1,1007.6,1007.6,5,5,0,0,36.7,,,,271,,,,49,0,0,0,0,0,0,0,0,0,0,0,,,,,,,,,,,,
us6000szmu,22/05/2026 16:00,6.8,81,3.8,0.3,1008.4,1008.4,1,1,0,0,34.3,,,,265,,,,46.4,0,0,0,0,0,0,0,0,0,0,0,,,,,,,,,,,,
us6000szmu,22/05/2026 17:00,6.7,82,3.8,0.6,1009.1,1009.1,0,0,0,0,31.7,,,,262,,,,43.2,0,0,0,0,0,0,0,0,0,0,0,,,,,,,,,,,,
us6000szmu,22/05/2026 18:00,6.7,83,4,1.1,1009.7,1009.7,0,0,0,0,28.5,,,,258,,,,40,0,0,0,0,0,0,0,0,0,0,0,,,,,,,,,,,,
us6000szmu,22/05/2026 19:00,6.6,83,4,1.4,1010.5,1010.5,0,0,0,0,26.2,,,,258,,,,35.6,0,0,0,0,0,0,0,0,0,0,0,,,,,,,,,,,,
us6000szmu,22/05/2026 20:00,6.6,84,4.2,1.5,1011.2,1011.2,0,0,0,0,25.2,,,,258,,,,32.8,0,0,0,0,0,0,0,0,0,0,0,,,,,,,,,,,,
us6000szmu,22/05/2026 21:00,6.6,85,4.2,1.8,1011.7,1011.7,0,0,0,0,22.9,,,,263,,,,31.3,0,0,0,0,0,0,0,0,0,0,0,,,,,,,,,,,,
us6000szmu,22/05/2026 22:00,6.6,85,4.2,2,1012.3,1012.3,7,0,0,7,21.9,,,,276,,,,28.4,0,0,0,0,0,0,0,0,0,0,0,,,,,,,,,,,,
us6000szmu,22/05/2026 23:00,6.6,86,4.4,1.8,1013.2,1013.2,1,1,0,0,23.3,,,,282,,,,29.2,0,0,0,0,0,0,0,0,0,0,0,,,,,,,,,,,,
us6000szmu,23/05/2026 00:00,6.4,86,4.2,1.8,1013.8,1013.8,21,1,18,14,22.3,,,,284,,,,29.2,0,0,0,0,0,1,0,0,0,0,0,,,,,,,,,,,,
us6000szmu,23/05/2026 01:00,6.4,86,4.2,1.6,1014.4,1014.4,70,5,67,21,23.8,,,,288,,,,29.2,0,0,0,0,1.4,2,0,0,0,0,0,,,,,,,,,,,,
us6000szmu,23/05/2026 02:00,6.6,86,4.3,1.8,1015.4,1015.4,44,10,37,0,23.2,,,,286,,,,30.2,49,19,30,201.6,117.9,1,0,0,0,0,0,,,,,,,,,,,,
us6000szmu,23/05/2026 03:00,6.6,86,4.3,2.1,1015.6,1015.6,60,16,52,0,21.1,,,,284,,,,28.8,160,100,60,470.1,283.9,2,0,0,0,0,0,,,,,,,,,,,,
us6000szmu,23/05/2026 04:00,6.6,86,4.4,2.5,1016.2,1016.2,16,14,1,0,19.1,,,,286,,,,26.3,252,176,76,577.1,407.1,0,0,0,0,0,0,,,,,,,,,,,,
us6000szmu,23/05/2026 05:00,6.5,86,4.4,2.7,1015.8,1015.8,8,8,0,0,16.6,,,,293,,,,23.8,312,232,80,646.5,479,0,0,0,0,0,0,,,,,,,,,,,,
us6000szmu,23/05/2026 06:00,6.4,86,4.2,2.9,1015.8,1015.8,9,9,0,0,14.7,,,,301,,,,20.5,325,245,80,661.1,494.6,0,0,0,0,0,0,,,,,,,,,,,,
us6000szmu,23/05/2026 07:00,6.4,85,4.1,2.9,1016.1,1016.1,7,7,0,0,14.6,,,,308,,,,18,293,215,78,633.5,453,0,0,0,0,0,0,,,,,,,,,,,,
us6000szmu,23/05/2026 08:00,6.3,86,4.1,3.4,1015.7,1015.7,45,1,0,44,10.3,,,,316,,,,18,223,164,59,613.3,356.9,1,0,0,0,0,0,,,,,,,,,,,,
us6000szmu,23/05/2026 09:00,6.3,87,4.2,3.2,1016,1016,66,3,0,64,11.8,,,,339,,,,14,118,76,42,476.3,213,2,0,0,0,0,0,,,,,,,,,,,,
us6000szmu,23/05/2026 10:00,6.2,87,4.2,3.2,1016.3,1016.3,79,2,0,79,11.5,,,,356,,,,15.5,17,7,10,111.1,42.7,2,0,0,0,0,0,,,,,,,,,,,,
us6000szmu,23/05/2026 11:00,6.2,87,4.2,3.1,1016.1,1016.1,100,1,0,100,11.7,,,,17,,,,14.4,0,0,0,0,0,3,0,0,0,0,0,,,,,,,,,,,,
us6000szmu,23/05/2026 12:00,6.1,83,3.3,2.2,1015.5,1015.5,100,0,0,100,15.5,,,,28,,,,18.4,0,0,0,0,0,3,0,0,0,0,0,,,,,,,,,,,,
us6000szmu,23/05/2026 13:00,6.1,83,3.3,1.5,1015.1,1015.1,100,1,0,100,20.6,,,,38,,,,25.2,0,0,0,0,0,3,0,0,0,0,0,,,,,,,,,,,,
us6000szmu,23/05/2026 14:00,6.2,83,3.6,1.1,1014.6,1014.6,100,1,0,100,24.5,,,,47,,,,30.6,0,0,0,0,0,3,0,0,0,0,0,,,,,,,,,,,,
us6000szmu,23/05/2026 15:00,6.3,85,3.9,1,1013.9,1013.9,100,8,16,100,26.8,,,,48,,,,33.5,0,0,0,0,0,3,0,0,0,0,0,,,,,,,,,,,,
us6000szmu,23/05/2026 16:00,6.4,84,3.9,0.7,1013.3,1013.3,100,48,1,100,29.8,,,,48,,,,37.1,0,0,0,0,0,3,0,0,0,0,0,,,,,,,,,,,,
us6000szmu,23/05/2026 17:00,6.6,82,3.8,0.4,1012.1,1012.1,100,99,99,100,32.7,,,,46,,,,41.4,0,0,0,0,0,3,0,0,0,0,0,,,,,,,,,,,,
us6000szmu,23/05/2026 18:00,6.6,79,3.3,-0.3,1011,1011,100,18,100,100,36.4,,,,48,,,,46.4,0,0,0,0,0,3,0,0,0,0,0,,,,,,,,,,,,
us6000szmu,23/05/2026 19:00,6.3,82,3.5,-0.8,1009.6,1009.6,100,32,100,100,38.5,,,,55,,,,49.3,0,0,0,0,0,3,0,0,0,0,0,,,,,,,,,,,,
us6000szmu,23/05/2026 20:00,6.2,84,3.7,-0.8,1007.9,1007.9,100,2,100,100,37.7,,,,63,,,,52.9,0,0,0,0,0,3,0,0,0,0,0,,,,,,,,,,,,
us6000szmu,23/05/2026 21:00,6.6,83,4,-0.7,1006.4,1006.4,100,34,100,100,40,,,,62,,,,54,0,0,0,0,0,3,0,0,0,0,0,,,,,,,,,,,,
us6000szmu,23/05/2026 22:00,6.8,83,4.2,-0.3,1004.7,1004.7,100,17,100,100,39.1,,,,62,,,,52.6,0,0,0,0,0,51,0.1,0.1,0,0,0,,,,,,,,,,,,
us6000szmu,23/05/2026 23:00,6.8,86,4.6,-0.4,1003.8,1003.8,100,100,100,100,40.2,,,,59,,,,51.8,0,0,0,0,0,53,0.7,0.7,0,0,0,,,,,,,,,,,,
us6000szmu,24/05/2026 00:00,6.4,88,4.6,-1.6,1002.7,1002.7,100,100,100,99,45.7,,,,61,,,,59,0,0,0,0,0,61,2.1,2.1,0,0,0,,,,,,,,,,,,
us6000szmu,24/05/2026 01:00,5.7,90,4.2,-2.2,1001.1,1001.1,100,100,100,23,44.2,,,,65,,,,60.1,0,0,0,0,1,61,1.8,1.8,0,0,0,,,,,,,,,,,,
us6000szmu,24/05/2026 02:00,5.4,89,3.8,-2.7,999.1,999.1,100,84,100,50,45.9,,,,78,,,,60.5,7,0,7,0,114,53,0.6,0.6,0,0,0,,,,,,,,,,,,
us6000szmu,24/05/2026 03:00,5.7,90,4.2,-1.7,996.9,996.9,88,84,16,9,40.9,,,,94,,,,61.2,54,3,51,14.3,279.9,51,0.1,0.1,0,0,0,,,,,,,,,,,,
us6000szmu,24/05/2026 04:00,6.4,88,4.6,-1.1,995.6,995.6,100,100,100,0,43,,,,92,,,,57.2,194,86,108,284.8,402.9,51,0.1,0.1,0,0,0,,,,,,,,,,,,
us6000szmu,24/05/2026 05:00,6.4,90,4.8,-0.6,993.4,993.4,100,100,0,1,39.6,,,,104,,,,57.2,84,2,82,5.6,474.7,51,0.1,0.1,0,0,0,,,,,,,,,,,,
us6000szmu,24/05/2026 06:00,6.7,91,5.3,0.8,991,991,100,100,0,65,32.4,,,,113,,,,52.2,89,4,85,10.9,490.4,3,0,0,0,0,0,,,,,,,,,,,,
us6000szmu,24/05/2026 07:00,6.7,92,5.5,2.1,990.1,990.1,100,100,0,1,23.6,,,,131,,,,41.4,151,27,124,80.2,449,3,0,0,0,0,0,,,,,,,,,,,,
us6000szmu,24/05/2026 08:00,6.6,93,5.6,3,990.4,990.4,100,100,0,20,17.2,,,,170,,,,29.9,100,15,85,56.7,353.1,3,0,0,0,0,0,,,,,,,,,,,,
us6000szmu,24/05/2026 09:00,6.5,94,5.6,3.2,990.6,990.6,10,8,0,2,15.2,,,,184,,,,21.2,72,22,50,140.1,209.5,0,0,0,0,0,0,,,,,,,,,,,,
us6000szmu,24/05/2026 10:00,6.4,94,5.6,2.8,992.3,992.3,11,11,0,0,17.3,,,,240,,,,19.8,16,6,10,97.3,40.6,0,0,0,0,0,0,,,,,,,,,,,,
us6000szmu,24/05/2026 11:00,6.4,94,5.5,2.4,993.2,993.2,40,30,0,14,19.6,,,,252,,,,24.1,0,0,0,0,0,1,0,0,0,0,0,,,,,,,,,,,,
us6000szmu,24/05/2026 12:00,6.1,93,5,1.3,994.5,994.5,80,76,0,18,24.5,,,,283,,,,25.2,0,0,0,0,0,3,0,0,0,0,0,,,,,,,,,,,,
us6000szmu,24/05/2026 13:00,6.2,92,5.1,1,995.4,995.4,70,59,0,27,27.5,,,,294,,,,33.5,0,0,0,0,0,2,0,0,0,0,0,,,,,,,,,,,,
us6000szmu,24/05/2026 14:00,6.6,92,5.4,2,995.5,995.5,100,100,1,52,23.8,,,,307,,,,36,0,0,0,0,0,3,0,0,0,0,0,,,,,,,,,,,,
us6000szmu,24/05/2026 15:00,7,93,5.9,2.1,995.6,995.6,100,100,19,51,26.8,,,,319,,,,33.5,0,0,0,0,0,3,0,0,0,0,0,,,,,,,,,,,,
us6000szmu,24/05/2026 16:00,7.1,94,6.1,1.9,995.3,995.3,100,100,52,79,28.9,,,,332,,,,35.3,0,0,0,0,0,3,0,0,0,0,0,,,,,,,,,,,,
us6000szmu,24/05/2026 17:00,7.3,94,6.3,1.6,994.9,994.9,100,100,84,87,33,,,,341,,,,41,0,0,0,0,0,3,0,0,0,0,0,,,,,,,,,,,,
us6000szmu,24/05/2026 18:00,7.1,92,5.9,1.4,994.6,994.6,100,100,72,67,32.1,,,,351,,,,41.4,0,0,0,0,0,3,0,0,0,0,0,,,,,,,,,,,,
us6000szmu,24/05/2026 19:00,7.8,92,6.6,1.5,993.7,993.7,100,55,99,80,37.9,,,,355,,,,46.8,0,0,0,0,0,53,0.9,0.9,0,0,0,,,,,,,,,,,,
us6000szmu,24/05/2026 20:00,8.2,92,7,1.2,993.2,993.2,100,100,100,98,43.3,,,,354,,,,54.4,0,0,0,0,0,51,0.2,0.2,0,0,0,,,,,,,,,,,,
us6000szmu,24/05/2026 21:00,8.4,93,7.4,1,992.6,992.6,100,100,100,85,46.2,,,,351,,,,59.4,0,0,0,0,0,51,0.4,0.4,0,0,0,,,,,,,,,,,,
us6000szmu,24/05/2026 22:00,8.6,93,7.5,0.9,991.9,991.9,100,97,98,100,48.6,,,,347,,,,63,0,0,0,0,0,55,1,1,0,0,0,,,,,,,,,,,,
us6000szmu,24/05/2026 23:00,8.6,93,7.7,1.5,992,992,100,100,100,100,44.6,,,,342,,,,62.3,0,0,0,0,0,51,0.1,0.1,0,0,0,,,,,,,,,,,,
